Mutation type,Trinucleotide,Eso-AdenoCa::TCGA-2H-A9GF-01A-11D-A37C-09,Eso-AdenoCa::TCGA-2H-A9GH-01A-11D-A37C-09,Eso-AdenoCa::TCGA-2H-A9GI-01A-11D-A37C-09,Eso-AdenoCa::TCGA-2H-A9GJ-01A-11D-A37C-09,Eso-AdenoCa::TCGA-2H-A9GK-01A-11D-A37C-09,Eso-AdenoCa::TCGA-2H-A9GL-01A-12D-A37C-09,Eso-AdenoCa::TCGA-2H-A9GM-01A-11D-A37C-09,Eso-AdenoCa::TCGA-2H-A9GN-01A-11D-A37C-09,Eso-AdenoCa::TCGA-2H-A9GO-01A-11D-A37C-09,Eso-AdenoCa::TCGA-2H-A9GQ-01A-11D-A37C-09,Eso-AdenoCa::TCGA-2H-A9GR-01A-12D-A37C-09,Eso-AdenoCa::TCGA-IC-A6RE-01A-11D-A33E-09,Eso-AdenoCa::TCGA-IG-A3I8-01A-11D-A247-09,Eso-AdenoCa::TCGA-IG-A3QL-01A-11D-A247-09,Eso-AdenoCa::TCGA-IG-A3Y9-01A-12D-A247-09,Eso-AdenoCa::TCGA-IG-A3YA-01A-11D-A247-09,Eso-AdenoCa::TCGA-IG-A3YB-01A-11D-A247-09,Eso-AdenoCa::TCGA-IG-A3YC-01A-11D-A247-09,Eso-AdenoCa::TCGA-IG-A4P3-01A-11D-A27G-09,Eso-AdenoCa::TCGA-IG-A4QS-01A-11D-A27G-09,Eso-AdenoCa::TCGA-IG-A4QT-01A-21D-A27G-09,Eso-AdenoCa::TCGA-IG-A50L-01A-11D-A27G-09,Eso-AdenoCa::TCGA-IG-A51D-01A-11D-A27G-09,Eso-AdenoCa::TCGA-IG-A5B8-01A-11D-A28B-09,Eso-AdenoCa::TCGA-IG-A5S3-01A-11D-A28B-09,Eso-AdenoCa::TCGA-IG-A625-01A-11D-A31U-09,Eso-AdenoCa::TCGA-IG-A6QS-01A-12D-A33E-09,Eso-AdenoCa::TCGA-IG-A7DP-01A-31D-A33E-09,Eso-AdenoCa::TCGA-IG-A8O2-01A-11D-A36J-09,Eso-AdenoCa::TCGA-IG-A97H-01A-11D-A387-09,Eso-AdenoCa::TCGA-IG-A97I-01A-11D-A387-09,Eso-AdenoCa::TCGA-JY-A6F8-01A-11D-A33E-09,Eso-AdenoCa::TCGA-JY-A6FA-01A-11D-A33E-09,Eso-AdenoCa::TCGA-JY-A6FB-01A-11D-A33E-09,Eso-AdenoCa::TCGA-JY-A6FD-01A-11D-A33E-09,Eso-AdenoCa::TCGA-JY-A6FE-01A-11D-A33E-09,Eso-AdenoCa::TCGA-JY-A6FG-01A-11D-A33E-09,Eso-AdenoCa::TCGA-JY-A6FH-01A-11D-A33E-09,Eso-AdenoCa::TCGA-JY-A938-01A-11D-A37C-09,Eso-AdenoCa::TCGA-JY-A939-01A-12D-A37C-09,Eso-AdenoCa::TCGA-JY-A93C-01A-11D-A387-09,Eso-AdenoCa::TCGA-JY-A93D-01A-11D-A387-09,Eso-AdenoCa::TCGA-JY-A93E-01A-11D-A37C-09,Eso-AdenoCa::TCGA-JY-A93F-01A-21D-A37C-09,Eso-AdenoCa::TCGA-KH-A6WC-01A-11D-A33E-09,Eso-AdenoCa::TCGA-L5-A43C-01A-11D-A247-09,Eso-AdenoCa::TCGA-L5-A43E-01A-11D-A247-09,Eso-AdenoCa::TCGA-L5-A43H-01A-11D-A247-09,Eso-AdenoCa::TCGA-L5-A43I-01A-11D-A247-09,Eso-AdenoCa::TCGA-L5-A43J-01A-12D-A247-09,Eso-AdenoCa::TCGA-L5-A43M-01A-11D-A247-09,Eso-AdenoCa::TCGA-L5-A4OE-01A-11D-A27G-09,Eso-AdenoCa::TCGA-L5-A4OF-01A-11D-A27G-09,Eso-AdenoCa::TCGA-L5-A4OG-01A-11D-A27G-09,Eso-AdenoCa::TCGA-L5-A4OH-01A-11D-A27G-09,Eso-AdenoCa::TCGA-L5-A4OI-01A-11D-A27G-09,Eso-AdenoCa::TCGA-L5-A4OJ-01A-11D-A27G-09,Eso-AdenoCa::TCGA-L5-A4OM-01A-11D-A27G-09,Eso-AdenoCa::TCGA-L5-A4ON-01A-11D-A27G-09,Eso-AdenoCa::TCGA-L5-A4OO-01A-11D-A27G-09,Eso-AdenoCa::TCGA-L5-A4OP-01A-11D-A27G-09,Eso-AdenoCa::TCGA-L5-A4OQ-01A-11D-A27G-09,Eso-AdenoCa::TCGA-L5-A4OR-01A-11D-A27G-09,Eso-AdenoCa::TCGA-L5-A4OS-01A-11D-A28B-09,Eso-AdenoCa::TCGA-L5-A4OT-01A-11D-A28B-09,Eso-AdenoCa::TCGA-L5-A4OU-01A-11D-A28B-09,Eso-AdenoCa::TCGA-L5-A4OW-01A-11D-A28B-09,Eso-AdenoCa::TCGA-L5-A4OX-01A-21D-A28B-09,Eso-AdenoCa::TCGA-L5-A88S-01A-11D-A36J-09,Eso-AdenoCa::TCGA-L5-A88V-01A-11D-A351-09,Eso-AdenoCa::TCGA-L5-A88W-01A-11D-A351-09,Eso-AdenoCa::TCGA-L5-A88Y-01A-11D-A351-09,Eso-AdenoCa::TCGA-L5-A88Z-01A-11D-A36J-09,Eso-AdenoCa::TCGA-L5-A891-01A-11D-A36J-09,Eso-AdenoCa::TCGA-L5-A893-01A-11D-A36J-09,Eso-AdenoCa::TCGA-L5-A8NE-01A-11D-A37C-09,Eso-AdenoCa::TCGA-L5-A8NF-01A-11D-A37C-09,Eso-AdenoCa::TCGA-L5-A8NG-01A-11D-A37C-09,Eso-AdenoCa::TCGA-L5-A8NH-01A-11D-A37C-09,Eso-AdenoCa::TCGA-L5-A8NI-01A-11D-A37C-09,Eso-AdenoCa::TCGA-L5-A8NJ-01A-11D-A36J-09,Eso-AdenoCa::TCGA-L5-A8NK-01A-21D-A37C-09,Eso-AdenoCa::TCGA-L5-A8NL-01A-12D-A37C-09,Eso-AdenoCa::TCGA-L5-A8NM-01A-11D-A37C-09,Eso-AdenoCa::TCGA-L5-A8NN-01A-11D-A37C-09,Eso-AdenoCa::TCGA-L5-A8NQ-01A-11D-A36J-09,Eso-AdenoCa::TCGA-L5-A8NR-01A-11D-A37C-09,Eso-AdenoCa::TCGA-L5-A8NS-01A-12D-A37C-09,Eso-AdenoCa::TCGA-L5-A8NT-01A-11D-A37C-09,Eso-AdenoCa::TCGA-L5-A8NU-01A-11D-A36J-09,Eso-AdenoCa::TCGA-L5-A8NV-01A-11D-A37C-09,Eso-AdenoCa::TCGA-L5-A8NW-01A-11D-A37C-09,Eso-AdenoCa::TCGA-L7-A56G-01A-21D-A27G-09,Eso-AdenoCa::TCGA-L7-A6VZ-01A-12D-A33E-09,Eso-AdenoCa::TCGA-LN-A49K-01A-11D-A247-09,Eso-AdenoCa::TCGA-LN-A49L-01A-11D-A247-09,Eso-AdenoCa::TCGA-LN-A49M-01A-21D-A27G-09,Eso-AdenoCa::TCGA-LN-A49N-01A-11D-A247-09,Eso-AdenoCa::TCGA-LN-A49O-01A-11D-A247-09,Eso-AdenoCa::TCGA-LN-A49P-01A-11D-A247-09,Eso-AdenoCa::TCGA-LN-A49R-01A-11D-A247-09,Eso-AdenoCa::TCGA-LN-A49S-01A-11D-A247-09,Eso-AdenoCa::TCGA-LN-A49U-01A-31D-A27G-09,Eso-AdenoCa::TCGA-LN-A49V-01A-11D-A247-09,Eso-AdenoCa::TCGA-LN-A49W-01A-11D-A27G-09,Eso-AdenoCa::TCGA-LN-A49X-01A-31D-A27G-09,Eso-AdenoCa::TCGA-LN-A49Y-01A-11D-A27G-09,Eso-AdenoCa::TCGA-LN-A4A1-01A-21D-A27G-09,Eso-AdenoCa::TCGA-LN-A4A2-01A-31D-A27G-09,Eso-AdenoCa::TCGA-LN-A4A3-01A-11D-A27G-09,Eso-AdenoCa::TCGA-LN-A4A4-01A-11D-A27G-09,Eso-AdenoCa::TCGA-LN-A4A5-01A-21D-A27G-09,Eso-AdenoCa::TCGA-LN-A4A6-01A-11D-A27G-09,Eso-AdenoCa::TCGA-LN-A4A8-01A-32D-A27G-09,Eso-AdenoCa::TCGA-LN-A4A9-01A-11D-A28B-09,Eso-AdenoCa::TCGA-LN-A4MQ-01A-11D-A28B-09,Eso-AdenoCa::TCGA-LN-A4MR-01A-11D-A28B-09,Eso-AdenoCa::TCGA-LN-A5U5-01A-21D-A28B-09,Eso-AdenoCa::TCGA-LN-A5U6-01A-11D-A28B-09,Eso-AdenoCa::TCGA-LN-A5U7-01A-11D-A31U-09,Eso-AdenoCa::TCGA-LN-A7HV-01A-21D-A351-09,Eso-AdenoCa::TCGA-LN-A7HW-01A-22D-A351-09,Eso-AdenoCa::TCGA-LN-A7HX-01A-11D-A33E-09,Eso-AdenoCa::TCGA-LN-A7HY-01A-12D-A351-09,Eso-AdenoCa::TCGA-LN-A7HZ-01A-31D-A351-09,Eso-AdenoCa::TCGA-LN-A8HZ-01A-11D-A36J-09,Eso-AdenoCa::TCGA-LN-A8I0-01A-11D-A36J-09,Eso-AdenoCa::TCGA-LN-A8I1-01A-11D-A36J-09,Eso-AdenoCa::TCGA-LN-A9FO-01A-11D-A387-09,Eso-AdenoCa::TCGA-LN-A9FP-01A-31D-A387-09,Eso-AdenoCa::TCGA-LN-A9FQ-01A-31D-A387-09,Eso-AdenoCa::TCGA-LN-A9FR-01A-11D-A387-09,Eso-AdenoCa::TCGA-M9-A5M8-01A-11D-A28B-09,Eso-AdenoCa::TCGA-Q9-A6FU-01A-11D-A31U-09,Eso-AdenoCa::TCGA-Q9-A6FW-01A-31D-A31U-09,Eso-AdenoCa::TCGA-R6-A6DN-01B-11D-A31U-09,Eso-AdenoCa::TCGA-R6-A6DQ-01B-11D-A31U-09,Eso-AdenoCa::TCGA-R6-A6KZ-01A-11D-A31U-09,Eso-AdenoCa::TCGA-R6-A6L4-01A-11D-A31U-09,Eso-AdenoCa::TCGA-R6-A6L6-01B-11D-A33E-09,Eso-AdenoCa::TCGA-R6-A6XG-01B-11D-A33E-09,Eso-AdenoCa::TCGA-R6-A6XQ-01B-11D-A33E-09,Eso-AdenoCa::TCGA-R6-A6Y0-01B-11D-A33E-09,Eso-AdenoCa::TCGA-R6-A6Y2-01B-11D-A33E-09,Eso-AdenoCa::TCGA-R6-A8W5-01B-11D-A37C-09,Eso-AdenoCa::TCGA-R6-A8W8-01B-11D-A37C-09,Eso-AdenoCa::TCGA-R6-A8WC-01A-11D-A37C-09,Eso-AdenoCa::TCGA-R6-A8WG-01A-11D-A37C-09,Eso-AdenoCa::TCGA-RE-A7BO-01A-11D-A33E-09,Eso-AdenoCa::TCGA-S8-A6BV-01A-21D-A31U-09,Eso-AdenoCa::TCGA-S8-A6BW-01A-11D-A31U-09,Eso-AdenoCa::TCGA-V5-A7RB-01A-11D-A351-09,Eso-AdenoCa::TCGA-V5-A7RC-01B-11D-A403-09,Eso-AdenoCa::TCGA-V5-A7RE-01A-11D-A351-09,Eso-AdenoCa::TCGA-V5-AASV-01A-11D-A387-09,Eso-AdenoCa::TCGA-V5-AASW-01A-11D-A403-09,Eso-AdenoCa::TCGA-V5-AASX-01A-11D-A387-09,Eso-AdenoCa::TCGA-VR-A8EO-01A-11D-A36J-09,Eso-AdenoCa::TCGA-VR-A8EP-01A-31D-A403-09,Eso-AdenoCa::TCGA-VR-A8EQ-01A-11D-A36J-09,Eso-AdenoCa::TCGA-VR-A8ER-01A-11D-A36J-09,Eso-AdenoCa::TCGA-VR-A8ET-01A-11D-A403-09,Eso-AdenoCa::TCGA-VR-A8EU-01A-11D-A36J-09,Eso-AdenoCa::TCGA-VR-A8EW-01A-11D-A36J-09,Eso-AdenoCa::TCGA-VR-A8EX-01A-11D-A36J-09,Eso-AdenoCa::TCGA-VR-A8EY-01A-11D-A36J-09,Eso-AdenoCa::TCGA-VR-A8EZ-01A-11D-A36J-09,Eso-AdenoCa::TCGA-VR-A8Q7-01A-11D-A37C-09,Eso-AdenoCa::TCGA-VR-AA4D-01A-11D-A37C-09,Eso-AdenoCa::TCGA-VR-AA4G-01A-11D-A37C-09,Eso-AdenoCa::TCGA-VR-AA7B-01A-31D-A403-09,Eso-AdenoCa::TCGA-VR-AA7D-01A-11D-A403-09,Eso-AdenoCa::TCGA-VR-AA7I-01A-11D-A403-09,Eso-AdenoCa::TCGA-X8-AAAR-01A-11D-A403-09,Eso-AdenoCa::TCGA-XP-A8T6-01A-11D-A36J-09,Eso-AdenoCa::TCGA-XP-A8T7-01A-11D-A36J-09,Eso-AdenoCa::TCGA-XP-A8T8-01A-11D-A36J-09,Eso-AdenoCa::TCGA-Z6-A8JD-01A-11D-A36J-09,Eso-AdenoCa::TCGA-Z6-A8JE-01A-11D-A37C-09,Eso-AdenoCa::TCGA-Z6-A9VB-01A-21D-A37C-09,Eso-AdenoCa::TCGA-Z6-AAPN-01A-11D-A403-09,Eso-AdenoCa::TCGA-ZR-A9CJ-01B-11D-A387-09
C>A,ACA,1,0,1,1,0,0,0,0,0,1,1,1,1,0,0,1,0,0,0,0,0,0,0,1,1,0,0,0,0,0,0,0,1,0,0,0,1,0,0,0,0,0,0,0,1,1,0,1,0,0,0,1,0,0,1,1,1,0,0,0,0,0,0,0,0,1,1,0,0,0,0,0,1,0,1,0,1,1,0,0,0,0,1,0,0,0,0,1,0,0,0,0,0,1,0,1,0,0,0,0,0,0,0,0,0,0,1,0,0,0,0,0,1,0,1,0,0,0,1,0,1,1,1,0,0,1,0,0,0,1,1,1,0,0,0,0,1,1,0,1,1,0,0,0,0,0,0,0,1,0,1,0,1,0,1,0,0,0,0,0,0,0,1,1,0,1,0,0,0,0,1,0,0,0,0,0,0,0,0,0,0,1
C>A,ACC,1,1,1,0,1,1,1,0,1,1,1,1,0,0,1,1,1,0,1,1,0,1,1,1,0,1,0,0,1,1,0,1,0,0,1,0,0,1,1,0,1,0,1,1,0,1,1,0,1,1,1,0,0,0,1,1,1,0,0,1,1,0,1,0,1,0,0,0,1,1,0,0,0,1,0,1,1,1,1,1,0,0,0,0,1,0,1,0,1,0,1,0,0,1,0,1,0,0,0,1,1,0,0,0,0,1,1,1,1,0,1,0,0,0,1,0,0,0,1,0,1,0,1,1,0,0,0,1,0,1,1,0,1,0,1,0,0,1,0,0,1,1,1,0,0,1,0,1,1,1,0,0,0,1,1,1,1,0,1,1,0,0,1,1,0,0,1,0,1,0,0,0,0,0,1,0,1,1,0,0,1,1
C>A,ACG,0,0,1,1,1,0,1,0,1,0,1,0,1,1,1,0,0,1,1,1,0,1,0,1,0,0,0,0,0,1,1,1,0,0,1,1,1,0,1,0,1,0,1,0,1,0,1,0,0,0,0,1,1,1,1,1,1,1,1,1,0,1,0,0,0,0,0,1,0,0,0,0,0,0,0,0,1,1,0,1,1,0,0,1,0,1,0,0,1,0,0,1,0,1,0,0,0,0,0,0,1,1,0,1,0,1,1,1,0,1,1,0,1,1,1,0,1,0,1,0,1,0,0,1,0,1,0,0,0,1,0,1,0,0,1,0,0,0,0,0,1,0,1,0,0,1,0,0,1,1,0,0,1,1,1,0,1,1,1,1,1,0,1,0,1,1,0,0,0,1,0,1,0,1,0,1,0,0,1,1,0,0
C>A,ACT,0,0,1,0,0,1,1,0,0,1,0,0,0,0,0,1,0,0,1,1,0,1,0,0,0,0,0,0,1,1,1,0,1,0,0,1,1,0,0,0,0,0,1,1,0,0,0,0,1,1,0,1,1,0,1,1,1,0,0,0,0,1,0,1,0,0,0,0,0,1,1,0,1,0,0,0,1,0,1,0,1,1,0,1,0,0,1,1,0,0,0,0,0,0,1,0,0,0,0,1,1,0,0,0,0,0,0,0,0,0,0,0,0,0,0,0,0,0,0,0,0,0,1,1,0,1,1,0,0,1,0,0,0,1,0,0,0,0,0,0,1,1,0,0,0,0,0,0,1,0,0,0,0,0,0,0,1,0,1,0,0,0,0,0,0,0,1,1,0,0,0,1,0,0,1,0,1,0,1,0,0,0
C>A,CCA,1,0,0,0,1,0,0,0,0,0,1,1,0,0,0,1,0,0,1,0,0,1,1,0,0,0,0,0,0,0,1,0,0,0,0,0,1,0,0,0,0,0,0,1,0,0,0,0,0,1,1,1,0,0,1,1,1,0,1,0,0,0,1,0,0,0,1,0,0,0,1,0,0,0,0,0,1,0,0,0,0,0,0,1,0,0,0,1,0,0,0,0,0,0,0,0,0,0,0,0,0,0,0,1,0,0,1,1,0,0,0,0,0,0,1,0,0,0,0,0,0,0,0,0,0,1,0,0,0,1,0,0,0,0,1,0,1,0,0,0,0,0,0,0,0,0,0,0,1,0,0,1,0,1,0,0,1,0,0,0,0,0,1,0,0,0,0,1,0,0,1,0,0,0,1,0,0,0,0,0,0,1
C>A,CCC,1,0,0,0,1,1,0,0,0,0,1,1,0,1,0,1,0,0,1,0,0,0,0,0,1,0,0,0,0,0,0,0,0,1,1,0,1,0,0,0,0,0,0,0,0,0,0,0,0,1,1,1,0,0,1,1,1,0,0,0,1,0,0,0,0,0,0,0,0,1,0,0,0,0,0,0,0,0,0,1,1,0,0,1,0,0,0,1,0,0,1,1,0,0,1,0,0,0,0,0,0,0,0,0,0,0,1,0,1,0,1,0,1,0,1,0,0,0,0,1,0,0,0,0,0,0,0,0,0,1,0,1,0,0,1,0,0,0,1,1,0,0,1,0,0,0,0,0,1,1,0,0,0,0,0,0,1,0,0,0,0,0,0,0,0,0,1,0,0,0,0,0,1,0,1,0,0,0,1,1,0,0
C>A,CCG,1,1,0,0,1,0,1,0,0,0,0,0,0,0,0,0,0,0,1,0,0,0,0,0,0,0,1,0,0,0,0,1,0,1,1,0,1,0,1,0,0,0,0,0,0,1,0,0,0,1,0,1,0,1,1,1,1,1,0,1,0,0,0,0,0,0,1,1,0,1,0,0,0,0,0,0,0,0,0,1,0,1,0,1,1,0,0,1,0,0,0,1,0,1,0,0,0,0,1,0,0,1,0,0,1,0,1,0,0,0,0,1,0,1,1,0,0,0,1,0,0,0,1,0,0,1,0,0,0,1,0,0,1,1,0,0,0,0,0,1,1,0,0,1,0,0,0,0,0,0,0,0,1,0,1,0,0,0,1,0,0,0,0,0,1,1,0,0,0,0,0,1,1,0,1,0,0,1,1,0,0,1
C>A,CCT,1,0,1,0,0,0,0,0,0,0,1,1,0,0,0,0,0,0,1,1,0,0,0,0,0,0,0,0,0,0,0,0,0,0,0,0,1,0,0,0,0,0,0,1,0,0,0,0,0,1,0,1,0,0,1,1,1,0,0,0,0,0,0,0,0,0,1,0,0,0,0,0,0,0,0,0,0,0,0,1,0,0,0,1,0,0,0,1,0,0,0,0,0,0,0,0,0,0,0,0,0,0,0,1,0,0,1,0,0,0,0,0,0,0,0,0,0,0,0,0,0,0,0,0,0,0,0,0,0,1,0,0,0,0,0,0,0,0,0,0,0,0,0,0,0,0,0,0,0,0,0,0,1,0,0,0,0,0,0,0,0,0,0,0,0,0,0,0,0,1,0,0,0,0,1,1,0,0,1,0,0,0
C>A,GCA,1,0,1,0,0,0,1,0,0,0,1,1,0,0,0,1,0,0,1,1,0,1,1,0,1,0,0,0,0,0,0,0,0,0,0,0,1,0,0,0,0,0,1,1,0,0,0,0,1,0,1,1,1,1,1,1,1,0,0,1,0,0,1,0,1,0,1,1,1,0,1,1,0,1,0,0,1,1,1,0,1,0,0,1,0,0,1,1,0,0,0,1,0,1,0,1,0,0,0,0,0,0,0,0,0,0,1,0,1,0,0,0,0,1,1,0,0,1,1,0,0,0,0,0,0,0,0,0,0,1,0,0,0,0,0,0,0,0,1,1,0,0,1,0,0,0,1,0,0,0,0,1,0,0,1,0,0,0,0,0,0,0,0,0,0,1,1,0,0,0,1,0,1,0,1,1,0,0,0,0,0,0
C>A,GCC,0,1,0,1,1,1,0,0,1,0,1,1,1,0,1,1,0,0,1,1,0,0,1,0,0,0,1,0,0,1,0,0,1,0,0,1,1,1,0,1,0,0,0,0,0,1,0,0,1,1,0,1,0,0,1,1,1,0,1,0,0,1,1,0,0,1,1,1,0,0,1,0,0,1,1,0,1,0,1,0,0,1,0,1,1,0,1,1,0,0,0,0,1,0,0,0,0,0,0,0,0,1,0,0,0,0,1,1,1,0,0,0,0,0,0,0,1,1,1,0,0,1,1,1,0,0,0,0,0,1,1,1,0,0,0,0,0,1,0,1,1,0,1,0,1,1,0,1,1,0,1,1,0,0,1,1,1,0,0,0,1,0,0,1,1,1,1,1,1,0,0,0,0,0,0,0,1,0,1,0,1,1
C>A,GCG,1,1,0,0,0,0,0,0,0,0,0,1,0,0,0,0,0,0,1,0,0,0,0,0,1,0,0,0,1,0,0,0,0,0,0,0,1,0,0,0,1,0,1,0,0,0,1,0,1,1,1,1,0,0,0,1,1,0,0,1,0,0,0,0,0,1,0,1,0,0,1,0,0,0,1,1,0,0,0,0,1,1,1,1,1,1,0,1,1,0,1,0,0,1,0,1,0,0,0,0,0,0,0,0,0,0,1,1,0,0,0,1,0,0,1,0,0,1,0,0,0,0,1,0,0,0,1,1,0,1,0,1,1,0,1,0,0,0,0,0,1,0,0,0,0,1,0,1,0,0,0,0,1,0,0,0,0,0,0,0,0,0,0,0,0,0,0,0,0,1,1,1,1,1,0,0,1,0,1,1,0,0
C>A,GCT,1,0,0,0,0,1,0,0,0,1,1,1,1,0,1,0,0,0,1,1,0,1,1,1,0,0,0,0,0,0,0,0,1,0,1,0,1,0,1,0,0,1,1,1,0,1,0,0,0,1,1,1,0,0,1,1,1,0,0,0,0,0,1,1,0,0,1,1,0,1,1,0,0,1,1,0,0,0,1,0,0,0,0,1,1,1,1,1,0,0,1,1,0,1,1,1,0,0,1,0,1,0,0,0,0,0,0,0,0,0,0,0,0,0,0,0,0,0,1,0,0,1,1,0,0,0,0,0,1,1,1,0,0,0,0,0,0,1,0,1,1,0,0,0,0,1,0,0,0,0,0,0,1,0,0,0,1,0,0,0,0,0,1,0,0,0,1,0,0,0,0,0,1,0,1,0,0,0,1,0,0,1
C>A,TCA,1,0,0,0,0,0,0,0,0,1,0,1,0,0,1,0,0,0,1,0,0,1,0,1,0,0,0,0,0,0,0,0,0,0,1,0,1,0,0,0,0,0,0,0,0,0,0,0,0,1,0,1,0,0,1,1,1,0,0,1,0,0,0,0,0,0,0,0,0,1,0,0,0,0,1,1,1,0,0,0,1,1,0,1,0,1,1,1,0,1,0,0,0,0,0,1,1,0,0,0,0,0,1,1,0,0,1,0,1,0,0,0,0,0,1,0,0,0,0,1,0,0,1,1,0,0,0,0,0,1,0,0,0,0,0,1,0,1,1,1,0,1,1,0,1,0,1,0,0,0,0,0,0,1,0,0,1,0,0,0,0,0,0,1,0,0,1,0,0,1,1,0,0,0,0,0,0,1,1,1,1,0
C>A,TCC,0,0,0,0,0,1,0,0,0,0,1,1,0,0,0,1,0,0,1,1,0,0,0,1,1,0,0,0,0,0,0,0,1,0,0,0,1,0,1,0,0,0,0,0,0,0,0,0,0,1,0,1,0,0,1,1,1,0,0,0,0,0,1,0,0,0,1,0,0,0,0,1,0,1,0,1,0,0,0,0,0,0,0,1,1,1,1,1,1,0,0,0,0,0,0,1,0,0,0,0,1,0,1,0,0,0,1,0,0,0,0,1,0,0,0,0,1,0,0,0,0,0,0,0,0,0,0,0,1,1,0,0,0,0,0,0,0,0,0,0,0,0,0,0,0,0,0,0,0,1,0,1,1,1,0,0,0,0,0,0,0,0,0,0,1,1,1,0,0,0,0,0,0,0,0,0,0,1,1,0,1,0
C>A,TCG,1,0,0,0,0,0,0,0,0,1,1,1,0,0,1,1,0,0,1,0,0,0,0,0,0,0,0,0,0,1,0,1,0,0,0,0,1,0,0,0,1,0,0,0,0,0,0,0,1,1,0,1,0,1,1,1,1,0,0,0,0,0,1,1,0,0,0,0,0,1,0,0,0,0,0,0,0,0,0,1,0,1,1,1,0,1,1,1,0,0,1,0,1,0,1,1,0,0,0,0,0,0,0,1,1,0,1,0,0,0,0,0,0,1,1,0,1,0,0,0,0,1,1,1,0,1,0,0,0,1,0,0,0,0,1,0,0,1,0,1,1,0,1,1,1,0,0,1,0,1,1,1,1,0,0,0,1,0,0,0,0,0,0,0,0,0,0,0,0,0,0,0,0,0,0,0,0,1,1,1,1,1
C>A,TCT,1,0,1,0,0,0,1,1,1,0,1,1,0,1,1,0,0,0,1,0,0,0,0,1,0,1,0,0,0,0,1,1,1,1,0,0,1,0,0,0,0,0,1,0,0,1,0,0,0,1,0,1,0,0,1,1,1,0,0,0,0,0,1,0,1,0,0,0,0,1,1,0,0,0,0,1,0,0,0,1,0,1,1,1,1,1,1,1,1,0,1,0,0,0,1,1,1,0,0,0,1,1,0,0,1,0,1,0,1,0,0,0,0,0,1,0,0,0,0,1,0,0,0,1,0,1,0,0,0,1,0,0,0,0,1,0,0,0,0,0,0,0,1,1,1,0,0,0,1,0,0,0,0,1,0,0,1,0,0,0,0,0,0,0,1,1,1,0,0,0,1,0,1,0,0,0,1,1,0,0,1,0
C>G,ACA,1,1,1,0,0,1,0,0,0,1,0,1,1,0,0,0,0,0,1,0,0,1,0,0,0,0,0,0,1,0,0,1,1,1,1,0,1,0,0,0,0,0,0,0,0,0,0,0,0,0,0,0,0,0,0,0,0,0,0,0,0,0,1,0,0,0,0,0,1,0,0,0,0,1,1,0,0,0,1,1,0,0,0,1,1,0,0,1,0,1,0,0,1,0,0,0,1,0,0,0,1,0,1,0,0,0,1,0,1,0,1,1,0,0,1,0,0,1,0,1,0,0,0,1,0,0,0,0,1,1,1,0,1,1,0,0,0,0,0,0,0,0,1,0,0,0,0,1,1,0,0,1,1,0,0,0,1,0,0,0,0,0,0,0,0,1,0,0,0,0,0,0,0,0,0,0,0,1,1,0,1,0
C>G,ACC,1,1,0,0,1,1,1,1,0,1,1,1,1,0,1,0,0,1,1,0,0,0,0,1,1,0,0,0,0,0,1,1,0,1,1,0,1,0,0,0,0,1,0,0,0,1,0,0,0,1,0,0,1,0,0,1,0,0,1,0,0,1,1,1,1,1,1,1,0,1,1,1,0,1,1,0,1,1,1,1,1,0,0,1,1,1,1,1,0,0,1,1,1,1,1,1,1,0,0,1,0,1,1,1,1,0,1,1,0,1,0,0,1,0,1,1,1,0,0,1,1,1,1,0,1,1,0,0,0,1,1,0,1,1,1,0,0,0,0,1,0,0,1,0,0,0,0,0,1,0,0,1,1,1,0,1,1,0,0,0,1,1,0,1,1,1,1,0,0,0,0,0,1,0,0,0,1,1,0,0,0,1
C>G,ACG,1,1,0,0,1,1,0,0,1,1,1,1,0,1,0,0,0,0,0,0,0,0,1,1,0,1,0,0,1,1,0,0,0,1,0,0,1,0,0,0,0,1,0,1,0,0,0,0,1,0,0,0,0,1,0,0,0,0,1,0,0,0,0,0,0,0,0,0,0,0,0,0,0,1,1,0,1,0,0,1,0,0,0,0,0,0,1,1,0,0,0,0,0,0,0,0,0,0,0,0,1,0,0,0,0,0,1,1,1,0,0,0,1,1,1,1,0,0,1,1,0,0,1,1,0,0,0,0,1,1,0,0,1,0,0,0,0,0,1,0,0,0,0,0,0,0,1,0,0,1,1,1,1,1,0,0,0,0,0,0,0,0,0,0,1,0,1,1,0,1,0,1,0,0,0,0,1,0,1,1,1,0
C>G,ACT,0,0,0,0,1,1,0,0,1,0,1,1,0,1,1,0,0,1,1,1,0,1,1,0,0,0,0,0,1,0,0,0,1,0,0,0,0,0,0,0,0,0,1,0,0,0,0,0,0,0,0,0,0,1,0,1,0,0,1,0,1,0,0,1,0,0,0,0,0,0,1,1,0,1,0,0,0,0,1,1,0,0,0,0,0,0,0,1,0,0,0,0,1,0,0,1,0,0,0,0,0,1,1,0,0,0,0,1,1,0,0,0,0,0,0,0,1,0,1,1,1,0,1,1,1,0,0,0,1,0,1,0,0,1,1,0,0,1,0,0,0,0,1,0,0,0,0,0,0,0,0,1,1,0,0,0,0,0,1,0,1,0,1,0,0,0,1,0,0,0,1,0,1,0,0,0,0,0,1,0,1,0
C>G,CCA,1,0,0,0,1,0,0,1,1,0,0,1,0,0,1,1,1,1,0,1,0,1,1,1,0,0,1,0,1,0,1,1,0,1,0,1,1,1,0,0,0,1,1,0,0,0,0,0,1,1,1,0,1,1,0,0,0,1,1,1,1,0,0,0,1,1,0,1,1,0,1,1,0,1,1,0,1,1,0,1,1,0,1,0,1,1,1,1,0,0,0,0,0,0,0,1,1,0,0,0,0,0,1,1,0,0,1,1,1,0,0,0,0,0,1,0,0,1,1,1,0,1,0,1,0,0,0,0,1,1,1,0,1,1,1,1,0,1,0,1,1,1,1,0,0,1,1,1,1,0,0,1,1,1,1,0,1,0,1,1,0,0,1,0,1,1,1,1,0,1,1,1,0,0,0,0,1,1,1,0,1,0
C>G,CCC,1,1,1,0,1,1,0,0,1,1,1,1,1,1,1,0,1,1,1,1,0,1,0,0,0,1,0,0,0,0,1,1,0,0,1,0,1,1,0,0,0,0,1,0,0,1,0,1,0,1,0,1,1,0,0,0,1,0,0,0,0,0,1,1,0,0,1,0,0,1,1,0,0,0,1,1,1,1,0,1,1,0,0,1,1,0,1,1,0,1,0,0,0,1,1,0,0,0,0,1,1,1,1,0,1,0,1,1,1,0,1,1,1,0,1,0,0,0,1,1,0,1,0,1,0,1,0,0,1,1,0,1,0,1,0,1,0,0,1,1,0,0,1,1,0,1,0,0,1,1,1,1,0,1,0,0,1,0,0,1,1,0,1,1,1,1,1,1,0,1,1,0,0,1,0,1,1,0,0,0,1,0
C>G,CCG,1,1,1,0,0,1,0,1,0,1,1,0,0,1,1,1,1,0,1,0,0,1,0,0,1,1,0,0,1,0,1,1,0,0,0,1,0,0,1,0,0,0,1,0,1,0,1,0,1,0,0,0,1,0,0,0,0,0,0,0,1,0,1,0,0,0,1,0,0,1,0,0,1,1,1,0,1,1,0,1,1,0,0,1,1,1,1,1,0,0,0,0,0,1,0,1,0,0,0,0,0,1,1,1,0,0,1,0,1,1,0,0,0,1,1,0,0,0,0,0,1,0,0,0,1,0,0,1,0,1,0,0,0,0,1,0,0,0,0,0,1,1,0,1,1,0,0,0,0,1,0,1,1,1,1,1,1,0,0,0,1,0,1,0,0,1,1,0,0,0,0,0,0,0,0,1,1,1,1,0,0,1
C>G,CCT,0,0,0,1,1,1,0,1,0,0,0,1,0,1,0,0,1,1,0,0,0,0,0,1,0,0,0,0,0,1,0,1,1,0,1,1,0,1,0,0,0,1,0,0,0,0,0,0,0,1,0,1,1,0,0,0,0,0,0,1,0,0,0,1,1,0,1,0,0,0,0,0,1,1,0,0,0,0,0,1,1,1,1,0,0,1,1,1,0,0,0,1,0,0,1,0,0,0,0,1,1,1,1,1,0,1,1,1,1,0,0,0,0,0,1,0,1,0,0,1,0,1,1,1,0,0,0,0,0,1,0,1,0,1,1,0,0,1,0,0,1,1,1,1,0,0,0,1,0,0,0,0,1,0,0,0,0,0,0,1,1,0,0,0,0,0,1,1,1,0,0,0,0,0,0,1,1,1,1,0,1,1
C>G,GCA,0,0,1,0,1,1,0,1,0,0,0,1,0,1,1,0,0,0,1,0,0,0,1,0,0,0,0,0,0,0,0,1,1,0,1,1,1,0,0,0,0,0,0,1,0,1,1,0,1,1,0,0,0,0,0,1,0,0,1,0,0,0,1,1,0,0,1,0,0,1,0,1,0,1,0,1,0,0,0,1,1,0,0,0,1,1,0,1,0,0,1,1,1,1,0,1,1,1,0,0,0,1,0,0,1,0,1,1,1,0,0,0,0,0,1,1,1,0,1,0,0,0,0,1,1,0,0,1,0,1,0,0,0,0,1,0,0,0,0,0,0,0,1,0,0,1,0,0,1,1,0,1,0,1,1,0,0,0,1,0,1,0,0,0,0,0,1,1,0,0,0,0,1,1,1,0,0,1,0,0,1,0
C>G,GCC,1,1,1,0,1,1,0,0,0,1,0,1,0,1,1,0,0,0,0,1,0,1,0,1,0,0,0,0,1,0,0,0,0,0,0,1,1,0,1,0,0,0,1,1,0,0,1,1,1,1,1,1,0,1,0,1,0,0,0,0,1,1,0,0,0,0,0,0,0,1,1,0,0,1,1,0,0,1,1,1,1,0,0,1,1,0,0,1,0,1,1,0,0,0,0,0,1,1,0,0,0,1,1,0,0,0,1,1,0,0,1,0,0,1,1,1,1,0,0,1,0,1,0,1,0,0,0,0,0,1,1,0,0,1,0,1,0,1,0,1,0,0,1,1,1,0,0,0,0,1,0,1,1,1,0,1,0,0,1,0,0,0,0,0,1,1,1,1,0,1,1,1,0,0,0,1,0,1,0,0,0,0
C>G,GCG,0,0,0,1,1,0,0,1,0,1,0,1,0,0,0,0,0,0,0,0,0,1,0,0,0,0,0,0,0,1,0,1,1,0,0,0,0,0,0,0,1,0,0,1,0,0,0,0,0,0,0,0,0,1,1,1,0,0,0,0,0,0,0,0,0,1,1,0,0,0,0,0,1,1,0,1,0,0,1,0,0,1,1,0,0,0,0,1,0,0,0,0,0,0,0,1,0,0,0,0,0,0,1,0,0,0,1,0,0,0,0,1,0,0,1,0,1,0,1,0,1,0,1,0,0,0,1,0,0,1,1,0,0,0,1,0,0,0,0,0,1,0,0,1,0,0,1,0,0,0,0,1,0,1,0,0,1,1,0,0,0,0,1,0,0,0,1,1,0,0,1,0,0,0,0,1,0,1,0,0,1,1
C>G,GCT,1,0,0,1,1,1,1,1,1,1,1,1,1,0,1,1,0,1,1,0,0,1,1,0,1,1,1,0,1,1,1,0,1,0,1,0,1,1,0,0,1,0,0,0,0,1,0,0,0,1,0,1,1,0,1,0,1,0,0,1,1,0,1,0,1,0,1,1,0,1,0,1,0,0,0,1,1,1,0,1,1,1,0,0,1,1,1,1,1,0,0,0,0,0,1,1,1,1,0,0,1,1,0,0,0,0,1,1,1,0,1,0,1,1,1,0,0,1,1,1,1,1,1,1,0,1,1,1,0,1,1,0,1,1,1,0,0,0,0,1,1,0,1,1,1,0,1,1,0,1,0,1,1,1,1,1,0,1,0,0,0,0,0,0,0,0,1,0,1,0,0,0,1,0,1,1,1,1,1,1,1,0
C>G,TCA,0,0,0,0,1,0,0,0,0,0,0,1,0,0,1,0,0,0,1,0,0,0,1,1,0,0,1,0,0,0,0,0,0,0,1,0,0,0,0,0,0,0,0,0,0,0,0,0,0,0,0,0,0,0,0,0,0,0,0,0,0,0,0,1,0,0,0,0,0,0,1,0,0,0,0,0,0,0,0,0,0,1,0,0,0,1,0,1,0,0,0,0,0,0,0,1,1,0,0,0,0,1,1,0,0,0,1,0,1,0,0,0,0,1,1,0,1,0,0,0,0,1,1,1,0,0,0,0,1,1,0,0,0,1,0,0,0,0,0,1,0,0,1,0,0,0,0,0,0,0,0,1,0,0,0,0,0,0,1,0,0,0,0,0,1,0,1,0,0,0,1,0,0,0,0,1,0,1,1,0,1,0
C>G,TCC,0,1,0,0,1,0,0,1,0,1,0,1,0,0,1,0,1,0,1,0,0,0,1,1,0,0,0,0,0,1,0,0,0,0,0,0,1,0,0,0,0,0,0,0,0,0,0,0,1,1,0,1,0,0,0,1,0,0,0,0,0,0,1,1,0,0,0,0,1,1,1,1,1,1,0,0,0,0,0,1,1,1,0,0,0,1,1,1,0,0,0,0,0,0,0,1,1,0,0,0,0,1,1,0,0,0,0,1,0,0,0,0,0,1,0,0,1,0,0,0,1,0,1,1,0,0,0,0,1,1,1,0,0,1,0,0,0,0,0,0,1,0,1,0,0,0,0,0,1,0,0,0,1,1,0,0,1,0,1,0,0,0,0,0,1,1,1,1,0,0,1,0,0,0,0,0,0,1,1,0,1,0
C>G,TCG,1,0,0,0,0,0,0,0,0,0,0,1,0,0,1,0,0,0,1,0,0,0,0,1,0,0,0,0,0,0,1,0,0,0,1,0,0,0,0,0,0,0,0,0,0,0,0,0,0,0,0,0,0,0,0,0,1,0,0,0,0,0,0,0,0,0,0,0,0,0,1,0,1,1,0,0,0,0,0,1,0,1,0,0,0,1,0,1,0,0,0,0,0,0,0,1,1,0,0,0,0,1,0,0,0,0,1,1,1,0,0,0,0,1,1,0,0,0,0,0,0,0,1,1,0,0,0,0,0,1,0,0,0,1,0,0,0,0,0,0,0,0,1,1,0,0,0,0,0,0,0,0,0,0,0,1,0,0,0,0,0,0,0,0,1,0,0,0,0,0,1,1,0,0,0,0,0,1,1,0,1,0
C>G,TCT,1,0,0,0,1,0,0,1,0,1,0,1,1,0,1,0,0,0,1,0,0,0,0,1,0,0,0,0,1,0,1,0,1,0,1,0,0,0,0,0,0,0,0,0,0,0,0,0,0,0,0,0,0,0,0,0,0,0,0,0,0,0,0,1,0,0,1,0,0,0,0,0,0,0,0,0,0,0,0,0,0,1,0,0,0,1,0,1,0,0,0,0,0,0,0,1,1,0,0,0,0,1,1,0,0,0,1,0,0,0,0,0,0,1,1,0,1,0,0,1,0,1,0,0,0,0,0,0,1,1,0,0,0,1,0,0,0,0,0,1,0,0,1,0,0,0,0,0,0,0,1,1,0,0,0,0,1,0,1,0,0,0,0,1,1,0,1,0,0,0,1,1,0,0,0,0,0,1,1,0,1,0
C>T,ACA,1,0,1,0,1,1,1,0,1,1,0,1,1,0,0,1,0,0,0,1,0,1,0,1,0,0,0,0,0,1,0,0,0,1,0,0,1,0,0,0,1,0,1,1,0,0,0,0,1,1,1,1,0,1,1,1,1,1,1,0,0,1,1,0,0,1,0,1,0,1,1,1,0,1,0,1,1,1,0,1,1,0,0,1,0,0,0,1,1,0,1,1,0,1,1,1,1,0,0,0,0,0,1,0,1,0,0,0,0,0,1,0,1,1,0,0,0,0,0,0,0,0,0,0,0,1,0,1,1,0,1,1,0,0,1,0,1,0,1,0,0,0,0,0,0,1,1,1,1,0,1,0,1,1,0,1,1,0,1,1,0,0,0,0,0,1,1,0,0,0,1,0,0,0,0,0,1,0,0,0,1,0
C>T,ACC,1,0,1,1,0,1,0,1,1,0,1,1,0,0,0,0,0,0,0,0,0,0,1,0,0,0,0,0,1,0,0,0,1,0,0,0,1,0,0,1,1,1,1,1,0,1,0,0,0,1,0,1,0,1,1,1,1,0,0,1,0,0,1,0,1,0,1,1,0,0,0,1,0,1,0,0,0,0,0,1,1,1,0,1,0,1,0,1,0,0,1,1,0,0,1,0,0,0,0,0,0,0,0,1,0,0,0,0,0,1,0,0,0,1,1,0,0,0,0,0,0,1,0,0,0,1,0,0,0,1,0,0,0,0,1,0,0,0,0,0,1,0,0,1,0,1,1,0,0,0,0,1,0,1,0,1,1,0,0,0,0,0,0,0,0,1,0,0,0,0,1,0,0,0,0,0,0,1,0,1,0,1
C>T,ACG,1,0,1,0,0,0,0,0,0,0,1,1,1,0,0,0,0,0,0,1,0,0,0,0,1,0,0,0,0,0,0,1,0,0,0,0,1,0,1,0,1,0,1,0,0,0,1,0,1,1,0,1,0,1,0,1,1,0,1,1,0,0,0,0,1,0,1,0,0,1,0,1,0,1,1,0,0,0,0,0,1,0,0,1,0,0,1,1,0,0,1,1,0,1,0,0,0,0,0,0,0,0,0,1,0,0,0,0,0,0,0,0,0,0,0,0,0,0,0,0,0,0,0,0,0,0,0,0,0,0,0,0,0,0,1,1,0,0,0,0,1,0,0,0,0,1,0,0,1,1,0,1,0,1,1,0,1,0,0,1,0,0,0,0,0,0,0,0,0,0,0,0,0,1,0,0,0,0,0,0,0,0
C>T,ACT,1,1,1,0,0,1,1,0,1,1,0,1,1,1,0,1,0,0,1,0,0,0,1,0,0,0,0,0,1,0,0,0,1,1,1,0,0,1,0,0,1,0,1,0,0,1,0,0,1,1,0,0,0,1,0,1,0,0,0,1,1,1,0,0,1,1,1,1,0,1,1,1,0,1,1,1,1,0,1,0,1,0,0,1,1,1,1,1,1,0,1,1,1,0,0,0,0,0,0,1,1,1,0,1,0,1,0,1,1,1,0,0,1,1,1,0,0,0,0,1,0,1,1,0,0,1,0,1,0,1,0,0,1,1,1,1,1,1,1,0,1,1,1,1,0,0,0,1,1,0,1,1,0,1,0,1,1,0,0,1,0,0,0,0,0,1,1,1,0,0,0,1,1,0,1,1,0,1,1,0,0,0
C>T,CCA,1,1,0,1,0,1,0,1,1,1,1,1,0,0,1,0,1,0,0,0,0,0,0,1,0,0,0,0,0,0,1,1,0,1,0,0,1,0,0,0,1,0,0,1,0,1,1,0,1,1,0,1,1,1,0,1,0,0,0,0,0,0,1,0,0,1,1,1,0,1,1,0,0,1,1,1,0,1,0,1,1,1,1,1,1,1,1,1,0,0,1,1,0,0,0,0,1,0,0,0,0,0,0,1,0,0,1,0,0,0,0,0,0,0,0,0,0,0,0,0,0,0,0,0,0,0,0,0,0,0,0,0,1,1,1,1,0,0,0,0,1,0,0,1,0,1,1,1,1,0,0,1,0,0,0,1,1,0,0,1,0,0,0,0,1,0,1,0,0,1,1,0,0,0,1,0,0,1,1,0,1,1
C>T,CCC,1,0,1,1,0,0,0,0,1,0,0,1,0,0,1,0,0,0,1,1,0,0,0,0,1,0,0,0,1,0,0,1,0,1,0,0,1,0,0,1,1,0,1,0,0,1,0,0,1,1,0,1,0,1,0,1,1,0,0,0,0,0,1,0,1,1,1,0,0,1,0,1,0,0,0,1,0,1,1,1,1,0,0,1,1,0,1,1,0,0,0,1,0,1,0,0,0,0,0,0,0,0,0,0,0,0,0,1,0,0,1,1,0,1,1,0,0,0,0,0,1,0,1,1,0,0,0,1,0,1,1,0,0,1,1,1,0,1,0,0,1,1,1,1,1,1,1,0,1,0,0,1,0,1,0,1,1,0,0,1,0,0,0,0,0,0,0,0,0,0,1,0,0,0,0,0,0,1,0,0,1,0
C>T,CCG,1,0,1,0,0,0,0,0,0,1,1,1,0,0,0,0,0,0,0,1,0,0,1,0,0,0,0,0,0,0,0,1,0,0,0,0,1,0,1,0,0,0,1,0,0,1,1,0,1,1,0,1,0,1,1,1,1,0,1,0,1,0,1,0,1,0,1,1,0,1,0,0,1,0,1,1,0,0,1,1,1,1,0,1,0,0,1,1,1,0,1,1,0,0,0,0,0,0,0,0,0,0,0,1,0,0,0,0,1,0,0,0,0,0,0,0,0,0,0,0,0,0,0,0,0,0,0,0,0,0,0,0,0,0,1,0,1,1,0,0,1,1,0,0,0,1,1,0,1,1,0,1,0,0,0,1,1,0,0,1,0,0,0,0,0,0,0,0,1,0,0,0,0,1,0,0,0,0,0,0,0,1
C>T,CCT,1,1,1,1,1,1,0,0,1,1,1,1,0,1,1,0,0,0,0,0,0,1,0,1,0,0,0,0,1,1,0,0,1,1,0,0,1,1,0,1,1,0,1,1,0,1,0,0,1,1,0,1,0,1,0,1,0,0,1,0,0,0,1,1,0,1,1,1,0,1,1,0,0,0,0,1,1,1,0,0,1,1,1,1,0,1,1,1,0,0,1,1,0,0,1,1,1,0,0,0,1,1,1,0,0,0,1,0,1,0,0,0,0,1,0,0,1,0,0,1,0,0,0,1,0,0,1,0,0,1,1,0,0,0,1,0,0,0,0,1,1,0,0,1,0,1,1,0,1,0,0,0,0,0,1,1,1,0,1,1,0,0,1,0,0,0,1,0,1,0,0,0,0,0,1,1,0,0,0,0,0,1
C>T,GCA,1,0,1,0,1,1,0,1,0,0,1,1,0,1,1,0,0,0,0,0,0,0,0,0,0,0,0,0,1,0,0,0,0,0,1,1,1,0,0,0,0,0,1,0,0,1,0,0,0,1,0,1,0,1,1,1,0,0,0,0,0,0,0,0,0,1,0,0,0,0,0,0,0,0,0,1,0,1,0,1,0,0,0,1,0,0,1,1,0,1,1,0,1,0,0,0,1,0,0,0,0,1,0,1,0,0,0,0,1,0,0,0,0,0,0,0,0,0,1,0,0,0,0,0,0,0,0,0,0,0,1,0,1,1,0,0,0,1,1,1,0,0,1,0,0,1,0,0,0,0,0,1,1,1,0,0,0,0,0,0,0,0,0,0,0,0,1,0,0,0,0,0,0,0,0,0,0,0,0,0,0,0
C>T,GCC,1,0,0,0,0,0,0,1,0,1,1,1,0,0,0,0,0,0,0,0,0,0,1,0,0,0,0,0,1,0,0,0,0,0,0,0,1,1,1,0,0,0,0,1,0,1,0,0,1,1,0,0,0,0,0,1,0,0,0,0,1,0,0,0,0,1,1,0,0,1,0,0,0,0,0,1,0,0,0,0,0,0,1,1,0,0,1,1,0,0,0,0,0,0,0,0,0,0,0,0,0,0,0,0,0,0,0,0,1,0,0,0,1,0,0,0,0,0,0,1,0,0,0,1,0,0,0,0,0,0,0,0,0,0,1,0,0,0,1,0,0,1,0,0,0,0,0,0,0,0,0,1,0,1,0,0,0,0,0,0,0,0,1,0,0,0,0,1,0,0,0,1,1,0,0,0,1,0,0,1,0,0
C>T,GCG,1,0,1,0,0,0,1,0,0,0,1,1,0,0,0,0,0,0,0,1,0,0,0,0,0,0,0,0,1,0,0,1,0,0,0,0,0,0,0,0,0,0,1,0,0,1,1,0,1,1,0,1,0,1,0,1,1,0,1,1,0,0,0,0,0,1,1,0,0,1,0,0,0,1,1,1,0,0,1,0,0,0,1,1,0,0,1,1,1,0,1,1,0,1,0,0,0,0,0,0,0,0,0,0,0,0,0,0,0,0,0,0,0,0,0,0,0,0,0,0,0,0,0,0,0,0,0,0,0,0,0,0,0,0,1,1,0,0,0,0,1,0,0,0,0,1,1,0,1,0,0,1,0,1,1,1,1,0,0,1,0,0,0,0,0,0,0,0,0,0,0,0,0,1,0,0,0,0,0,0,0,0
C>T,GCT,1,0,1,0,0,1,0,0,1,0,1,1,0,0,0,0,0,0,0,0,0,1,0,1,0,0,1,0,0,1,1,0,0,0,1,0,1,1,0,0,0,1,1,0,0,1,0,1,0,1,0,1,0,1,1,1,0,0,1,0,0,0,0,0,0,0,1,0,0,0,0,1,0,1,1,1,1,0,0,1,0,0,1,1,1,0,1,1,0,0,0,0,0,1,0,0,0,0,0,0,0,1,1,1,0,0,0,0,1,0,0,0,0,0,0,1,0,0,1,1,0,0,1,0,0,1,0,1,0,0,0,0,0,0,1,0,0,1,0,1,1,0,0,0,0,0,0,0,1,0,0,0,0,0,1,1,1,0,0,0,0,0,0,0,0,0,0,0,0,0,1,0,1,1,1,0,0,0,0,1,0,0
C>T,TCA,1,0,0,0,0,0,0,0,0,1,0,1,0,0,1,0,0,0,1,0,0,0,1,1,0,0,0,0,1,0,1,0,0,0,1,0,1,0,0,0,0,0,0,0,0,0,0,0,0,0,0,0,0,0,0,1,0,0,0,0,0,0,0,0,0,0,1,0,0,0,1,1,0,1,0,0,0,0,0,0,1,1,0,1,0,1,0,1,0,0,0,0,0,0,0,1,1,0,0,0,0,1,1,0,0,0,1,0,0,0,0,0,0,1,1,0,1,0,0,0,0,1,1,1,0,0,0,0,0,1,1,0,0,1,0,0,0,0,0,1,0,0,1,0,0,0,0,0,0,0,1,1,0,0,0,0,1,0,0,0,0,0,0,1,1,0,0,0,0,0,1,1,0,0,0,1,0,1,1,0,1,0
C>T,TCC,1,0,1,1,1,0,0,1,1,0,1,1,1,0,1,0,0,0,1,0,0,0,1,1,0,0,0,0,0,1,1,0,0,0,0,0,1,0,1,0,0,0,1,0,0,0,0,0,1,1,0,1,0,1,0,1,1,0,0,0,0,0,1,0,0,0,1,0,0,1,1,1,0,1,0,1,1,0,0,1,0,1,0,1,0,1,1,1,0,0,1,1,0,0,1,0,1,0,0,0,0,1,1,0,0,0,1,0,0,0,0,0,0,1,0,0,1,0,0,0,0,0,0,1,0,0,0,0,0,1,0,0,0,1,0,0,0,1,0,0,1,0,1,0,0,1,1,0,0,0,1,1,0,1,1,1,1,0,0,1,0,0,0,1,0,1,0,1,0,0,1,1,0,0,0,0,0,1,1,0,1,0
C>T,TCG,1,0,0,0,0,0,0,0,0,0,0,0,0,0,1,0,0,0,1,1,0,0,1,1,1,0,0,0,0,0,0,0,0,0,0,0,1,0,1,0,1,0,1,0,0,1,1,0,1,1,0,1,0,0,1,1,0,0,1,1,1,0,0,0,0,0,1,1,0,1,1,0,0,0,0,0,0,0,0,0,0,1,0,1,0,1,1,1,0,0,1,1,0,0,0,0,1,0,0,0,0,1,1,0,0,0,0,0,0,0,0,0,0,0,0,0,1,0,0,0,0,1,0,0,0,0,0,0,0,1,0,0,0,0,1,0,0,1,0,0,1,0,0,0,0,1,1,0,1,0,1,0,0,0,1,1,1,0,0,1,0,0,0,0,0,0,0,0,0,0,1,0,0,0,0,0,0,1,1,0,1,0
C>T,TCT,1,1,0,0,0,0,0,0,0,0,0,1,0,0,1,0,0,0,1,1,0,0,1,1,0,0,0,0,1,0,1,0,1,0,1,0,1,1,0,0,0,0,0,0,0,0,0,0,1,1,0,0,0,0,0,1,0,0,0,0,0,0,0,0,0,1,1,0,0,1,1,1,0,1,0,1,0,1,0,0,1,1,0,1,0,1,1,1,0,0,0,0,0,0,0,1,1,0,0,0,0,1,1,0,0,0,1,0,0,0,0,0,0,1,1,0,1,0,0,0,0,1,1,0,0,0,0,0,1,1,1,0,0,1,0,0,0,0,0,0,1,0,1,1,1,0,1,0,0,0,1,0,0,1,0,1,1,0,0,1,0,0,0,1,0,0,0,0,0,0,1,1,0,0,0,1,0,1,1,0,1,0
T>A,ATA,0,1,0,0,1,0,0,1,0,1,0,1,1,1,1,0,1,1,1,1,0,1,0,0,1,1,0,0,1,1,0,0,1,0,1,1,1,0,1,0,0,0,0,0,0,0,1,1,0,1,0,0,0,0,0,0,0,1,1,1,0,1,0,1,0,0,1,0,1,0,1,1,0,0,0,0,1,1,1,0,0,0,0,1,1,1,0,1,0,1,0,0,1,0,1,0,1,0,1,1,1,1,1,0,1,1,0,1,0,1,0,0,1,1,0,1,1,0,0,1,0,1,1,1,1,1,1,1,1,0,1,0,1,0,1,0,0,0,1,0,0,0,0,1,1,0,0,0,1,0,0,0,1,1,1,0,1,1,1,0,0,1,1,1,1,0,1,1,1,1,0,1,1,0,0,0,1,1,1,0,1,0
T>A,ATC,1,0,1,1,1,1,0,1,1,1,1,1,0,0,1,0,0,1,1,1,0,0,0,1,0,1,1,0,0,1,1,1,1,0,0,1,1,1,1,0,0,0,1,1,0,0,0,1,0,1,0,0,0,0,0,1,1,1,0,0,0,0,1,1,1,1,1,0,0,1,1,1,1,0,1,1,0,0,0,1,1,0,0,1,0,0,0,1,0,0,1,1,1,0,0,1,1,0,0,0,0,1,1,0,1,1,0,1,0,0,1,0,1,1,0,0,1,0,1,1,1,1,0,1,0,1,0,1,0,1,0,1,1,0,0,1,1,0,0,0,1,0,0,1,0,0,0,1,0,1,1,1,0,0,1,0,1,0,0,0,1,0,0,0,1,0,1,1,1,1,1,1,1,1,1,0,0,1,0,1,0,1
T>A,ATG,0,1,0,1,1,1,1,1,0,1,0,1,0,1,0,0,0,0,1,1,0,1,0,1,0,1,1,0,0,0,1,0,0,0,1,1,1,0,1,1,1,0,0,1,0,1,1,1,1,1,0,1,0,1,0,1,0,0,1,1,1,0,0,0,0,1,0,1,1,0,1,1,0,1,0,0,1,0,0,0,1,1,1,1,0,1,1,1,0,0,0,0,1,0,1,1,1,0,0,1,1,1,1,0,1,0,1,1,1,0,1,0,0,0,0,0,0,1,0,1,1,0,0,1,0,1,0,0,1,1,1,1,0,0,0,1,1,0,1,1,1,1,0,1,0,0,0,0,0,0,1,1,0,1,1,0,0,1,1,1,1,0,1,1,1,1,1,1,0,0,0,0,1,1,1,0,0,0,0,0,0,1
T>A,ATT,1,0,0,1,1,0,1,1,0,1,0,1,1,0,0,0,0,1,0,0,0,1,0,1,0,1,1,0,1,0,1,0,1,1,1,0,1,1,0,1,1,0,0,0,0,0,1,0,1,1,1,0,0,1,0,1,0,1,0,0,1,0,1,1,1,1,1,1,1,1,1,1,0,1,0,1,0,0,1,1,1,1,0,1,1,1,0,1,0,1,0,0,1,0,1,0,1,1,1,0,0,1,0,0,0,1,1,1,1,1,0,0,1,1,0,1,1,0,1,1,1,1,1,1,1,0,1,0,0,1,1,1,1,1,1,0,0,0,0,0,0,0,1,0,1,1,1,1,0,1,1,1,0,1,1,1,1,1,1,0,0,1,0,0,0,1,0,1,1,1,0,1,1,0,1,0,1,1,1,0,0,0
T>A,CTA,0,0,0,1,1,1,0,1,0,0,0,1,0,0,0,1,1,1,1,0,0,0,1,1,0,0,0,0,1,1,0,0,1,0,0,0,0,0,1,0,1,0,0,0,0,0,0,0,1,1,0,0,0,0,1,0,0,1,0,0,0,1,0,0,0,0,0,0,0,1,0,1,0,0,0,1,0,1,0,1,1,0,0,1,1,0,0,1,0,0,0,1,1,0,0,1,0,0,0,0,0,1,0,0,0,1,1,0,0,0,1,0,1,0,1,0,0,0,0,0,1,1,1,1,0,0,0,0,0,1,0,1,0,1,0,0,1,0,0,1,1,0,1,0,0,0,0,1,0,0,0,1,0,0,0,0,1,1,0,0,1,0,1,0,1,0,0,1,0,0,0,0,0,0,1,0,0,1,0,0,0,0
T>A,CTC,1,0,1,0,1,1,0,1,0,0,1,1,0,1,0,1,1,0,1,0,0,1,0,0,0,0,0,0,0,0,0,0,1,0,0,0,1,1,0,0,0,0,1,0,0,0,1,0,0,1,0,0,0,0,0,1,0,0,0,0,1,0,0,0,1,1,1,0,0,0,0,0,1,1,0,1,1,1,0,0,1,1,1,1,0,0,0,1,0,0,0,1,0,0,0,0,0,0,0,1,1,0,1,1,1,0,1,1,1,1,1,1,0,1,1,0,0,0,0,1,1,0,1,0,0,0,0,0,0,0,0,1,0,1,0,0,0,0,0,0,1,1,1,0,0,0,0,0,1,1,0,0,0,0,0,0,0,0,0,0,1,0,0,1,1,0,0,0,0,0,0,1,0,0,0,0,1,1,0,0,0,0
T>A,CTG,1,1,0,1,0,0,0,0,0,1,1,1,0,1,0,0,0,0,1,0,0,1,0,1,0,0,0,0,1,0,1,0,0,0,1,0,0,0,0,0,0,0,1,0,0,0,1,0,1,1,0,0,0,0,0,1,0,0,0,0,0,0,1,1,0,1,0,0,0,1,0,0,0,0,0,0,0,0,1,1,1,1,0,1,0,0,0,1,0,0,0,1,0,0,1,1,1,1,0,0,0,0,0,0,0,0,0,1,1,1,1,0,0,0,1,0,0,0,0,1,0,0,1,0,0,0,0,0,0,1,0,0,0,0,0,0,0,0,0,0,1,0,1,1,1,0,0,0,1,1,0,1,0,0,0,0,0,0,1,0,0,0,0,1,1,0,1,0,0,0,0,0,0,0,1,1,0,0,0,1,0,0
T>A,CTT,0,0,1,0,1,1,0,0,1,1,1,1,0,0,0,0,0,0,1,1,0,0,1,0,0,0,0,0,0,0,1,0,0,0,0,0,0,1,0,0,0,1,0,0,0,0,1,1,1,1,0,0,0,1,0,1,1,1,1,0,0,0,0,0,1,1,1,1,0,0,0,1,1,0,0,1,0,0,1,1,1,0,0,1,1,0,0,1,0,0,0,1,0,1,0,0,0,0,0,1,0,0,0,0,0,0,0,1,1,0,0,1,1,1,0,1,1,0,0,0,1,0,0,0,0,1,0,0,0,0,0,0,0,1,1,0,0,0,1,0,1,0,0,0,1,0,0,0,1,0,0,1,0,0,0,1,1,0,0,1,0,0,1,1,1,0,1,0,1,0,0,0,0,1,0,1,1,0,1,1,1,1
T>A,GTA,1,0,0,1,1,1,0,0,0,1,1,0,0,1,0,0,0,0,0,1,0,1,0,0,0,0,0,0,0,1,0,0,0,0,0,0,0,0,0,0,0,0,0,0,0,1,0,0,1,0,0,1,0,0,0,1,0,0,0,1,1,0,1,0,0,0,0,0,0,1,0,0,0,0,0,0,0,0,0,1,0,0,0,1,0,0,0,1,0,0,0,0,0,0,0,0,0,0,0,0,0,0,0,0,0,1,0,0,0,1,1,0,0,0,1,0,0,0,1,0,0,0,0,0,1,1,0,0,0,1,0,0,0,0,0,1,0,0,0,0,0,0,0,0,0,0,0,0,1,0,0,0,0,0,0,0,0,0,0,0,1,0,1,1,1,0,0,0,0,0,0,0,0,0,1,0,0,1,1,0,0,0
T>A,GTC,0,0,0,1,0,1,1,1,1,1,1,1,0,0,0,0,0,0,0,1,0,0,1,0,0,1,0,0,1,0,0,0,0,0,0,0,0,0,1,1,0,0,1,0,0,0,0,0,0,0,1,1,1,0,0,1,0,0,1,0,0,0,1,0,1,1,1,0,0,1,0,0,0,1,0,0,1,1,1,1,1,0,0,1,0,0,1,1,0,0,0,0,0,0,0,0,0,0,1,1,1,1,0,1,1,0,0,0,0,1,0,0,0,0,1,0,0,0,0,0,0,0,0,0,0,1,0,0,0,0,0,0,1,1,1,0,0,0,1,0,1,0,0,0,0,0,1,0,0,0,0,1,0,0,0,1,0,0,1,0,1,0,0,0,0,0,1,0,1,0,0,0,0,0,0,0,0,0,0,0,0,1
T>A,GTG,0,0,0,0,1,1,1,0,0,1,0,1,0,1,0,0,0,0,0,0,0,1,0,1,0,0,0,0,0,0,1,0,0,0,1,0,0,1,1,0,0,0,0,0,0,0,0,0,0,1,0,0,1,0,0,1,0,0,0,0,0,0,0,1,0,0,1,1,0,1,1,0,0,0,1,1,1,1,0,1,0,0,0,0,0,0,0,0,0,0,1,1,1,0,0,0,1,1,0,0,0,0,1,0,0,0,1,0,0,0,1,0,1,0,0,0,0,0,0,0,0,0,0,0,0,0,1,1,0,1,0,0,0,1,0,0,0,1,0,0,1,0,0,0,0,0,0,0,0,1,0,1,0,1,0,0,1,1,1,0,0,0,0,0,0,0,0,1,1,0,0,1,0,1,0,0,1,0,0,0,1,0
T>A,GTT,0,1,1,1,0,1,1,0,0,1,1,1,0,1,1,1,1,0,1,1,0,0,0,0,1,0,0,0,0,0,0,0,1,0,1,0,0,0,1,0,0,1,1,0,0,0,0,0,1,1,0,0,0,0,0,1,1,0,0,0,0,1,1,0,1,1,1,1,0,1,1,0,0,1,1,1,0,1,0,1,1,0,1,1,1,1,0,1,0,1,0,1,0,1,1,1,1,0,0,0,1,1,1,0,0,1,0,0,0,0,0,1,0,0,0,0,0,0,1,1,0,0,0,1,0,0,1,0,0,1,1,0,1,0,1,0,0,1,1,0,0,0,0,1,0,0,0,0,0,0,0,1,1,1,0,1,1,0,0,0,0,0,0,0,1,1,0,0,0,0,1,1,0,0,0,1,0,1,0,0,0,1
T>A,TTA,1,1,0,1,1,1,0,1,0,0,1,1,0,0,0,0,0,0,0,1,1,1,0,0,0,0,0,0,1,1,1,1,1,1,0,1,1,0,1,1,1,0,1,1,0,1,1,0,1,1,0,1,0,1,0,1,0,0,1,1,1,0,0,0,0,0,0,0,1,1,1,1,1,1,1,0,0,1,1,0,0,1,0,1,0,0,1,1,1,1,1,1,0,1,0,0,0,1,0,0,1,0,1,0,0,0,0,1,1,1,0,0,1,0,1,1,1,0,1,1,1,1,1,1,1,1,1,0,0,1,0,0,0,0,1,1,1,1,0,1,1,1,1,0,1,1,1,0,1,1,1,1,0,0,1,1,0,0,1,1,0,0,0,0,0,0,1,0,1,0,0,1,0,1,0,1,0,0,1,0,1,1
T>A,TTC,1,0,0,0,0,1,0,1,0,1,1,1,1,1,1,0,0,1,0,1,0,1,1,1,0,0,1,0,1,1,1,0,0,0,0,0,1,1,1,0,0,0,0,0,0,1,1,0,1,1,0,1,0,0,0,0,0,0,0,0,0,1,0,0,1,0,0,0,1,0,0,1,0,0,1,0,1,0,0,1,0,1,1,1,1,0,1,1,0,1,0,0,0,1,0,0,1,0,1,1,0,1,1,1,0,0,1,1,0,0,0,0,1,1,1,1,0,0,0,0,0,0,0,0,0,0,0,0,0,1,0,0,1,0,1,0,1,0,0,1,1,0,0,1,0,1,0,1,1,0,0,0,0,0,0,0,1,0,0,0,0,1,1,0,1,1,1,1,1,0,1,0,0,0,1,1,1,0,1,0,1,0
T>A,TTG,0,0,1,0,0,0,0,1,1,0,0,1,0,1,0,1,0,0,0,0,0,0,0,1,1,0,1,0,0,1,0,0,1,0,1,1,0,0,0,0,0,1,0,0,0,1,1,0,1,0,0,1,0,0,1,0,0,0,0,0,0,0,1,1,1,1,0,0,0,1,0,0,1,0,0,0,0,1,1,1,1,0,0,1,0,1,1,1,0,1,0,0,0,0,0,1,0,0,1,0,0,1,0,0,1,0,0,0,0,1,0,0,0,0,0,1,0,0,0,1,0,1,0,0,0,1,0,0,0,1,0,0,0,0,0,0,0,0,0,0,1,0,0,0,1,0,0,0,0,1,0,1,0,0,1,0,0,0,0,0,0,0,1,0,0,0,1,0,0,1,1,0,1,1,0,0,0,0,1,0,1,0
T>A,TTT,1,0,0,0,1,1,1,1,0,0,1,1,1,1,0,1,0,0,0,1,0,1,0,0,0,1,1,0,1,0,1,1,0,1,1,0,1,0,1,1,0,0,1,0,0,1,1,0,1,0,0,0,1,1,1,1,1,1,1,1,1,0,1,0,1,1,1,0,1,1,0,1,1,1,1,1,0,1,1,1,1,0,0,1,0,1,0,1,0,0,0,1,0,1,1,1,0,1,1,1,1,1,0,0,1,0,0,1,0,0,0,1,1,0,1,1,0,0,0,0,0,1,1,1,1,1,0,1,1,0,1,1,0,0,0,0,1,1,1,0,1,0,0,0,0,1,1,1,1,0,0,1,0,0,0,0,1,0,0,1,0,1,1,0,0,0,1,1,1,0,1,0,0,0,0,1,0,0,0,1,1,1
T>C,ATA,0,0,0,0,0,1,0,0,0,0,0,1,0,0,0,0,0,0,1,0,0,1,0,0,0,0,1,0,1,1,1,1,1,0,0,0,1,0,0,0,0,0,0,0,0,0,0,1,0,1,0,0,0,0,0,1,0,1,0,0,0,0,0,0,0,0,0,0,1,0,0,0,0,1,0,0,0,0,0,0,0,0,0,1,0,0,1,1,0,0,0,0,0,0,0,0,1,1,1,0,1,1,1,0,1,1,0,1,1,0,1,1,1,1,1,0,1,0,1,1,1,0,1,1,1,0,0,1,1,0,1,1,0,0,0,0,0,0,0,0,0,0,1,0,0,0,0,0,0,0,0,1,1,0,1,0,0,0,1,0,1,0,1,1,1,0,1,0,0,0,0,1,1,0,1,0,1,1,0,0,0,0
T>C,ATC,0,1,1,0,0,0,0,0,0,0,1,1,0,0,0,0,1,0,1,1,0,0,0,0,0,0,0,0,0,1,1,0,1,0,0,0,1,1,0,0,0,0,0,0,0,1,0,0,0,1,0,0,0,0,0,1,0,0,0,0,1,0,0,1,0,0,0,0,1,0,0,1,0,0,0,0,0,0,1,1,0,0,0,1,0,0,0,0,0,0,0,0,0,0,0,1,1,1,0,0,1,0,1,0,1,0,0,0,0,0,0,0,0,0,0,0,0,0,1,0,1,1,0,1,0,0,0,1,0,1,0,0,0,0,0,1,0,0,0,0,0,0,1,0,0,0,0,0,0,1,0,1,1,0,1,0,0,0,1,0,0,0,0,0,1,0,1,1,0,1,0,0,1,0,0,0,1,0,0,0,0,0
T>C,ATG,1,1,0,0,1,0,0,1,0,1,1,1,0,1,0,0,0,0,0,1,0,1,0,1,0,0,1,0,0,0,0,0,1,0,0,0,0,0,1,0,0,0,0,0,0,0,0,0,0,1,0,0,0,0,0,1,0,0,1,1,0,0,1,0,0,0,0,0,0,0,1,0,0,0,0,0,0,1,0,1,0,0,0,1,0,1,0,1,0,0,0,0,0,0,0,0,1,0,1,1,1,0,0,0,0,1,0,1,0,0,1,0,1,0,1,1,1,0,1,0,0,0,0,0,0,1,0,1,1,0,0,0,0,0,1,0,0,0,0,0,0,0,1,0,1,0,0,0,1,1,0,1,1,0,0,1,1,0,1,0,0,0,0,0,1,1,1,1,0,0,0,1,0,0,0,0,0,0,1,0,0,0
T>C,ATT,0,0,0,0,0,0,0,0,0,0,1,0,0,0,1,0,0,0,0,0,0,0,0,1,0,1,0,0,1,1,0,0,1,0,0,1,0,0,0,0,0,0,1,0,0,1,0,1,1,1,0,0,0,0,0,1,0,0,0,0,1,0,0,0,0,1,0,0,0,0,1,1,0,1,0,0,0,0,1,1,1,0,0,1,0,1,1,1,0,0,1,0,1,1,0,0,1,0,1,1,1,1,1,0,1,1,0,1,1,0,1,0,1,1,1,0,0,0,0,1,1,1,1,1,0,1,0,1,1,0,0,0,0,1,0,0,1,0,0,0,0,0,0,0,0,1,0,0,0,0,0,0,1,1,0,0,0,0,1,0,0,0,1,0,0,0,0,0,0,1,0,0,1,0,0,0,1,1,0,1,0,1
T>C,CTA,1,0,0,0,0,0,0,0,0,0,1,1,0,0,0,0,1,0,1,1,0,0,0,0,0,0,0,0,1,0,0,0,0,0,0,0,0,0,0,0,0,1,0,1,0,0,0,0,1,1,0,0,0,0,1,1,1,0,0,0,0,0,0,0,1,1,0,0,0,0,0,0,0,0,0,1,0,0,0,1,0,0,0,1,0,0,1,1,0,0,0,1,0,0,1,0,0,0,0,1,0,0,0,0,1,0,0,0,1,0,0,0,0,0,0,0,0,0,0,1,0,0,0,1,0,0,0,0,0,0,0,0,1,0,1,0,0,0,0,1,1,0,0,0,1,0,0,0,1,0,0,1,0,0,0,1,0,0,0,0,0,0,0,1,0,0,1,0,0,0,0,0,0,0,1,0,0,0,0,0,1,0
T>C,CTC,1,1,1,0,1,1,0,0,1,1,1,1,0,0,0,0,0,0,0,1,0,1,0,1,0,0,0,0,0,1,0,0,1,0,0,0,0,0,0,0,0,0,0,0,0,0,1,0,1,1,0,0,0,1,0,1,1,0,1,0,0,0,1,0,1,1,1,0,0,1,0,1,0,0,0,1,0,1,0,1,1,0,0,1,0,0,1,1,0,0,0,0,1,0,0,0,0,0,0,0,0,0,0,0,0,0,0,0,0,0,0,0,0,0,0,0,0,0,0,0,0,0,0,0,0,1,0,0,0,0,0,0,0,1,1,0,0,0,1,0,1,0,0,0,1,0,0,1,1,0,0,1,1,1,1,0,0,0,0,1,0,0,0,0,0,0,1,1,0,0,0,0,0,1,0,0,0,0,0,0,1,1
T>C,CTG,0,0,1,0,1,1,0,0,1,0,1,1,0,0,0,0,0,0,0,1,0,1,0,0,0,0,0,0,0,0,0,0,0,0,0,0,0,1,0,0,0,0,1,0,0,1,1,1,1,1,0,0,0,1,0,1,1,0,1,1,0,0,1,0,1,1,1,0,0,1,0,0,0,0,0,1,0,1,0,1,1,0,0,1,0,0,1,1,0,0,1,0,0,0,0,0,1,0,0,0,0,0,0,1,0,0,0,0,1,0,0,0,0,1,0,0,0,0,0,0,0,0,0,1,0,0,0,0,1,0,0,0,0,0,0,0,0,1,0,0,0,0,1,0,0,1,0,1,1,0,0,1,1,1,0,0,0,0,1,1,0,0,1,1,0,0,1,1,0,0,1,0,1,0,1,0,0,0,0,0,1,0
T>C,CTT,1,1,1,0,1,1,0,0,1,0,1,1,0,0,0,0,0,0,0,1,0,0,0,0,0,0,0,0,0,0,0,0,0,0,0,0,0,1,0,0,0,1,0,0,0,0,1,0,0,0,0,0,0,1,0,1,1,0,1,0,0,0,1,0,1,1,1,1,0,0,0,1,0,0,1,1,0,1,1,1,1,0,1,1,0,0,1,1,0,0,0,0,0,0,0,0,0,0,0,0,0,0,0,0,0,0,0,0,0,0,0,0,0,0,0,0,0,0,0,0,0,0,0,0,0,0,0,0,0,0,0,0,0,0,1,0,0,1,1,0,1,0,0,0,0,0,0,0,1,0,0,1,0,0,0,0,1,0,0,1,0,0,0,0,0,0,1,1,0,0,0,0,0,0,0,0,0,0,0,0,0,1
T>C,GTA,0,0,1,0,0,1,0,0,0,0,1,1,1,0,0,0,1,0,0,0,0,1,0,0,0,0,0,0,0,0,0,0,0,1,1,1,1,0,0,0,0,0,1,0,0,0,0,0,1,1,0,1,1,0,0,1,0,0,1,0,0,0,0,0,0,1,0,1,0,0,1,1,0,0,0,1,1,0,1,0,0,0,0,1,0,0,1,1,0,0,0,1,0,0,1,0,0,0,0,0,0,0,0,0,0,0,0,0,0,0,0,0,1,0,0,0,0,0,1,0,0,0,1,0,0,0,0,0,0,1,0,0,0,0,1,0,0,0,0,0,0,0,1,1,0,1,0,1,0,1,0,1,0,0,0,1,1,0,1,1,0,0,0,0,0,0,1,0,0,1,1,0,0,0,0,0,0,0,0,1,0,0
T>C,GTC,1,0,1,1,1,1,1,1,0,0,1,1,0,0,0,1,0,0,0,0,0,0,0,0,0,0,1,0,1,1,0,0,0,0,1,0,0,1,1,0,0,1,0,0,0,0,1,0,1,1,0,0,0,1,0,1,0,0,0,1,1,0,0,0,1,1,0,0,1,0,0,0,0,0,0,1,1,0,0,0,0,0,0,1,0,0,0,1,0,0,0,0,0,1,0,0,0,0,1,0,0,0,0,0,1,1,0,1,0,1,0,1,0,0,1,0,0,0,0,0,1,0,0,1,1,0,0,0,1,0,0,0,0,0,1,1,0,1,0,0,1,0,1,0,0,0,1,0,1,0,0,0,0,1,0,1,1,0,1,1,0,0,0,0,1,0,1,0,0,0,0,0,0,1,1,0,0,0,0,0,0,0
T>C,GTG,0,1,0,0,1,1,1,0,1,0,0,1,0,0,0,1,0,0,0,1,0,0,0,0,0,0,0,0,1,1,0,1,0,0,1,0,0,1,1,0,0,0,0,0,0,0,1,0,0,1,0,0,0,1,0,1,1,0,1,0,0,0,1,0,1,0,0,1,0,0,0,1,0,1,0,0,1,0,0,1,1,0,0,1,0,0,0,1,0,0,0,1,0,0,0,1,0,0,0,0,0,0,0,1,0,0,1,0,1,0,1,0,0,0,1,1,0,0,1,1,0,0,0,0,0,0,0,0,0,0,0,0,1,1,0,0,1,0,0,0,0,1,0,0,0,0,0,0,0,0,0,1,1,1,0,0,1,0,1,0,0,0,0,0,0,0,0,0,0,0,0,0,1,0,0,0,1,0,1,0,0,0
T>C,GTT,0,0,0,0,1,1,0,0,0,0,1,1,0,1,1,0,0,0,1,1,0,1,0,0,0,0,0,0,0,0,1,0,0,0,0,0,1,0,0,0,0,0,1,0,0,0,0,1,0,1,0,0,0,1,0,1,1,0,0,1,0,0,0,0,0,1,0,1,0,0,0,0,1,1,0,1,1,1,1,1,1,0,0,1,0,0,0,1,0,0,0,0,0,0,1,1,0,0,0,0,0,0,0,0,0,0,0,1,0,1,0,0,0,0,1,0,0,0,0,1,1,0,1,0,0,0,1,0,0,0,0,0,0,0,1,0,0,1,1,0,0,0,1,1,0,0,0,0,0,1,0,1,1,0,0,0,1,0,0,0,0,0,0,0,0,0,0,0,0,1,0,0,1,1,0,0,0,0,0,0,1,0
T>C,TTA,1,0,0,1,1,1,1,1,1,0,1,1,0,1,1,0,0,0,0,1,0,0,1,0,0,0,0,0,1,0,0,1,0,0,1,0,1,0,0,1,0,1,0,1,0,0,1,1,0,1,0,0,1,0,1,1,1,1,0,1,0,0,0,0,1,1,1,0,1,1,1,1,0,1,0,1,1,1,1,1,1,0,1,1,0,1,1,1,1,1,0,1,1,0,1,1,1,1,0,0,1,0,0,1,1,0,1,0,0,0,1,1,0,1,0,0,1,0,0,1,0,0,0,1,0,0,0,0,0,1,0,1,1,0,0,1,1,1,0,1,0,1,1,0,0,0,1,0,1,1,0,1,0,0,1,0,1,0,0,0,1,0,0,1,1,1,1,1,1,1,0,0,0,1,0,0,1,0,0,1,1,1
T>C,TTC,1,0,0,1,1,1,0,1,1,0,1,1,1,0,1,0,0,0,0,1,0,1,1,1,0,0,0,0,0,1,1,0,0,0,0,0,1,1,1,0,0,0,1,0,0,1,1,0,1,1,0,1,0,1,0,1,1,0,0,0,0,0,1,0,1,1,0,0,0,0,0,1,0,0,0,1,1,0,1,0,1,0,0,1,1,0,1,1,0,0,1,0,0,0,0,0,0,0,0,0,0,1,0,0,0,0,0,1,0,0,1,1,0,0,1,0,0,0,0,1,0,0,0,0,0,1,0,1,0,0,0,0,1,0,0,1,0,0,0,0,1,0,1,0,0,1,0,0,1,0,0,1,0,1,1,0,0,0,1,1,0,0,0,0,0,1,0,0,1,0,0,0,0,1,0,1,0,1,0,0,0,0
T>C,TTG,1,1,1,1,1,1,1,0,1,1,1,1,1,0,1,0,1,0,1,1,0,1,1,0,1,1,0,0,1,1,0,1,1,0,0,0,1,1,0,0,0,0,1,0,0,0,1,1,1,1,0,1,1,1,1,1,1,1,0,1,1,0,0,0,0,1,1,1,1,0,0,1,0,0,1,0,0,0,1,1,0,1,0,1,0,1,1,0,1,0,0,0,1,1,0,1,1,0,0,0,1,1,0,1,0,0,1,1,1,0,1,0,0,0,0,1,1,0,0,0,0,1,1,1,0,1,0,0,1,1,0,1,0,1,1,0,1,1,0,0,1,0,0,0,0,1,1,0,0,0,0,1,0,0,0,0,0,1,0,0,0,0,0,1,0,1,1,0,1,0,0,1,0,1,0,0,0,0,0,0,1,1
T>C,TTT,1,1,0,1,1,1,0,1,1,1,1,1,0,0,0,0,0,0,0,0,0,0,0,0,0,0,0,0,1,0,0,1,0,0,0,1,0,0,1,0,0,0,1,0,0,1,1,0,0,1,0,1,0,0,1,1,0,0,1,0,0,0,0,0,1,0,1,0,0,1,0,1,0,0,0,1,1,1,0,1,1,0,0,1,0,0,1,1,0,0,0,0,0,0,0,0,0,0,1,0,0,0,0,0,0,0,0,1,0,1,0,0,0,1,1,0,0,0,0,0,0,0,0,0,1,0,0,1,0,0,0,0,0,0,1,0,0,0,0,0,1,0,1,1,0,0,0,0,1,0,0,0,0,0,0,0,0,0,0,0,0,0,0,1,0,1,0,0,0,0,0,0,0,0,0,0,0,0,0,0,0,1
T>G,ATA,1,1,0,0,1,1,0,1,1,0,1,1,0,0,1,0,0,0,0,0,0,0,1,1,0,0,0,0,0,0,1,0,0,0,0,1,0,1,0,0,0,0,0,0,0,0,0,0,1,1,0,0,0,1,0,0,0,0,0,0,0,0,0,0,0,0,1,0,1,0,0,0,0,0,0,0,0,0,0,1,0,0,0,0,0,0,0,1,1,0,0,1,0,0,0,1,0,0,0,1,0,1,0,0,0,0,1,0,0,1,1,0,1,1,1,1,0,1,0,1,0,1,0,1,0,0,0,0,0,0,1,0,1,1,0,0,0,1,0,0,0,0,1,0,1,0,0,0,1,0,0,0,0,1,0,1,1,1,1,0,0,0,1,0,0,1,0,1,0,0,1,1,0,0,0,0,1,0,0,1,1,0
T>G,ATC,0,0,1,0,1,0,0,0,1,1,1,1,0,0,0,0,0,0,0,1,0,0,0,0,0,0,0,0,0,0,0,0,0,0,0,0,0,1,0,0,0,0,0,0,0,0,0,0,1,1,0,0,0,0,0,1,1,0,1,0,1,0,0,0,0,0,0,1,0,0,0,1,0,1,0,1,1,0,0,1,0,0,0,1,0,0,0,1,0,0,0,0,0,0,0,0,0,0,0,0,0,0,0,0,0,0,0,0,1,0,0,0,1,0,1,0,1,0,0,0,0,0,1,1,0,0,0,0,0,0,0,0,0,0,1,0,0,0,0,0,0,0,1,0,1,0,0,0,0,0,0,1,0,1,0,0,0,0,1,0,0,0,0,1,0,1,0,0,0,0,0,0,0,0,0,1,0,0,0,0,0,0
T>G,ATG,0,0,0,1,0,1,0,0,1,1,1,1,0,0,0,0,1,0,0,1,0,1,1,0,0,0,0,0,1,0,1,0,1,0,0,1,1,0,1,0,1,1,0,0,0,0,0,0,0,0,0,0,0,1,0,1,0,0,0,1,0,0,0,0,0,0,0,1,1,1,1,0,1,0,0,0,0,1,0,1,1,1,1,1,1,0,0,1,0,0,0,0,0,0,0,0,0,0,0,0,1,1,1,0,0,0,0,0,1,0,0,0,0,0,1,0,0,1,0,0,1,0,0,1,0,1,0,1,0,0,0,0,0,1,0,0,0,0,0,0,0,0,1,0,0,0,0,0,1,1,0,1,0,1,1,0,1,0,1,0,0,0,1,1,0,0,0,0,0,1,0,1,1,0,0,0,0,0,1,1,1,0
T>G,ATT,1,0,1,0,1,1,0,1,1,1,1,1,0,0,0,0,0,0,1,0,0,0,0,0,0,1,0,0,0,0,0,0,0,0,0,0,0,1,1,0,0,1,0,0,0,0,1,0,1,0,0,1,0,1,0,0,1,0,1,0,0,0,0,0,1,1,1,0,0,0,0,1,0,0,1,1,1,1,1,1,1,0,0,1,1,0,1,0,0,0,0,1,1,0,0,0,0,0,0,0,0,0,0,0,0,0,0,0,0,0,0,0,1,0,1,0,0,0,0,1,0,0,0,0,0,0,0,0,0,0,0,0,0,0,0,1,0,0,1,0,0,0,0,0,0,0,0,1,1,0,0,1,0,0,0,0,1,0,0,0,0,0,0,1,1,1,0,0,0,0,0,0,0,0,0,0,0,0,0,0,0,0
T>G,CTA,1,0,0,0,0,0,0,0,0,1,1,0,0,0,0,0,0,0,0,0,0,0,0,1,0,0,0,0,1,0,0,1,0,0,0,1,0,0,0,1,1,1,0,0,0,0,0,0,1,0,0,0,0,0,0,0,0,0,0,1,0,0,1,1,1,0,0,0,0,0,0,0,0,0,0,0,0,0,0,1,0,0,1,0,0,0,1,1,0,0,1,0,0,1,0,0,1,0,0,1,0,0,0,0,0,0,0,0,0,0,0,1,0,0,0,0,0,0,1,0,1,0,0,0,1,0,0,0,0,0,0,0,1,0,0,0,0,0,0,1,0,0,0,0,0,0,0,0,0,1,0,1,1,0,0,0,1,0,1,0,1,0,0,0,0,0,0,0,0,0,1,0,0,0,0,0,0,1,1,0,0,0
T>G,CTC,1,1,1,1,1,1,1,1,1,0,1,1,0,0,0,0,0,0,1,1,0,0,0,1,0,0,0,0,1,0,0,0,0,0,0,1,1,1,1,0,1,0,0,1,1,1,1,0,1,1,0,0,0,1,0,1,1,0,1,0,1,1,1,0,1,1,1,1,0,1,0,1,0,0,0,1,1,1,0,1,1,0,0,1,0,0,1,1,0,0,1,0,0,0,0,0,0,0,0,0,1,0,0,0,0,0,1,1,0,0,0,1,0,0,0,0,0,0,0,0,0,0,0,1,0,0,1,0,1,0,0,0,1,0,1,0,1,1,0,0,0,1,0,0,0,0,1,0,1,1,0,1,0,1,0,0,1,0,0,0,0,0,1,0,0,1,1,1,1,0,0,0,1,1,1,0,0,0,0,0,1,0
T>G,CTG,1,0,0,0,1,1,0,0,0,1,1,1,0,1,0,0,0,0,0,0,0,0,1,0,0,0,0,0,0,1,0,1,0,1,1,1,1,0,1,0,0,1,1,0,0,0,0,0,1,1,0,0,0,0,0,1,0,0,0,0,0,0,1,1,1,0,0,0,0,0,1,1,0,0,0,1,0,1,1,0,0,0,0,1,0,1,0,1,0,0,0,0,0,0,0,1,0,0,0,0,0,0,0,0,0,0,0,0,0,0,0,0,0,0,1,0,0,0,1,0,0,0,0,0,0,0,0,0,0,0,0,0,0,0,1,0,0,0,1,0,1,0,1,1,0,0,0,1,1,1,0,1,1,0,1,0,1,0,0,1,0,0,0,0,0,0,0,0,0,0,0,0,0,0,0,0,0,0,0,0,1,0
T>G,CTT,1,1,1,0,1,1,1,0,1,0,1,1,0,0,0,0,0,0,0,1,0,0,0,0,0,0,0,0,0,0,0,0,0,0,0,0,0,1,1,0,0,1,0,0,0,0,1,0,1,0,0,0,0,1,0,1,1,0,1,0,0,0,1,0,1,1,1,1,0,0,0,1,0,0,1,1,0,1,1,1,1,0,1,1,0,0,1,1,0,0,0,1,0,1,0,0,0,0,0,0,0,0,0,0,0,0,0,0,0,0,0,0,0,0,0,0,0,0,0,0,0,0,0,0,0,0,0,0,0,0,0,0,0,0,1,0,0,1,1,0,1,0,1,0,1,1,0,1,1,1,0,1,0,0,0,0,1,0,0,1,0,0,0,0,0,0,0,0,0,0,0,0,0,1,0,0,0,0,0,0,0,1
T>G,GTA,0,1,1,0,0,1,1,0,0,0,0,1,0,1,0,0,1,0,0,0,0,0,0,0,0,0,0,0,1,1,0,1,0,0,1,0,1,0,0,0,1,0,0,1,0,0,0,0,0,0,0,0,1,0,0,1,0,1,0,0,1,0,0,0,0,0,0,1,0,1,0,1,0,0,0,1,0,1,1,1,1,0,0,1,0,1,0,1,0,0,0,0,0,0,0,0,0,0,0,0,0,0,0,0,1,0,0,0,0,0,0,0,0,0,0,0,0,0,0,0,0,1,0,0,1,0,1,0,0,0,0,0,0,0,1,0,0,0,0,0,0,0,1,0,1,1,0,0,0,1,1,1,1,1,0,0,0,0,0,0,1,0,1,0,0,0,1,1,0,1,0,1,0,1,0,0,0,0,1,0,0,0
T>G,GTC,1,0,1,1,0,1,0,0,1,0,1,1,0,0,0,1,0,0,0,1,0,0,0,0,0,1,0,0,0,1,1,0,1,0,0,0,1,1,1,0,0,1,1,0,0,0,0,0,0,1,0,0,0,0,0,1,0,0,1,0,0,0,1,0,1,1,0,0,1,0,1,1,0,0,1,1,0,1,0,1,1,0,0,0,0,1,0,1,0,0,0,0,0,0,0,0,0,0,0,0,0,0,0,0,0,0,0,0,0,0,1,0,0,0,0,0,0,0,0,0,1,0,1,0,0,0,0,0,0,0,0,0,0,1,0,0,0,0,0,1,1,0,0,1,0,1,0,1,1,0,0,1,0,0,0,0,0,0,0,1,0,0,0,0,0,0,1,0,0,0,1,0,0,0,0,0,1,0,0,0,1,1
T>G,GTG,1,1,1,1,1,1,1,1,1,1,0,1,0,0,0,0,1,0,0,0,0,0,0,0,1,0,1,0,0,0,1,0,0,0,0,0,1,1,1,1,0,0,0,1,0,0,1,0,0,0,0,0,0,0,1,1,1,0,0,0,0,0,0,0,0,0,1,1,0,0,0,0,0,1,1,1,0,0,0,1,1,1,0,1,0,1,0,1,0,0,0,0,0,0,1,1,0,1,0,1,0,0,1,0,0,0,0,0,0,1,1,0,0,0,1,0,0,1,0,0,0,0,1,0,0,0,0,0,0,1,0,1,1,0,1,0,0,1,0,0,1,0,0,0,1,1,0,1,1,0,1,0,1,1,0,0,1,0,1,1,0,0,0,0,0,0,0,1,0,0,0,0,1,0,0,0,0,0,0,1,1,0
T>G,GTT,1,0,1,0,1,1,0,0,1,1,1,1,0,0,0,0,0,0,1,1,0,0,0,0,0,0,0,0,0,0,0,0,0,0,0,0,0,0,1,0,0,1,0,0,0,0,1,0,1,0,0,0,0,0,0,1,0,0,1,0,0,0,0,0,1,1,1,1,0,0,0,1,0,0,1,1,0,1,1,1,1,0,0,1,0,0,1,1,0,0,0,1,0,1,0,0,0,0,0,0,0,0,0,0,0,0,0,0,0,0,0,0,0,0,0,0,0,0,0,0,0,0,0,0,0,0,0,0,0,0,0,0,0,0,1,0,0,1,1,0,1,0,1,0,0,0,0,1,1,1,0,0,0,0,0,0,1,0,0,1,0,0,0,0,0,0,0,0,0,0,0,0,0,0,0,0,0,0,0,0,0,0
T>G,TTA,1,0,1,1,1,1,0,0,0,0,1,0,1,0,0,0,0,0,0,0,0,0,0,1,0,0,1,1,1,0,1,0,1,0,1,1,1,0,0,0,0,1,0,0,0,0,0,0,0,0,0,0,1,0,0,0,0,0,0,0,0,0,1,0,0,0,1,1,0,0,1,0,0,1,0,1,0,1,1,0,1,0,1,0,1,0,0,1,0,0,0,0,0,0,0,1,0,1,0,0,0,0,0,0,1,0,1,1,0,0,1,0,0,0,0,0,0,0,1,1,1,0,0,1,1,0,0,0,1,0,1,1,0,1,0,0,0,0,0,0,1,0,0,1,0,0,1,0,1,0,0,1,1,1,0,0,0,0,0,1,0,0,1,0,0,0,0,0,1,0,0,0,1,0,0,1,0,1,0,1,1,0
T>G,TTC,1,0,0,1,1,1,0,0,1,1,1,1,0,1,1,0,0,0,1,1,0,0,0,0,0,0,0,0,0,0,1,1,0,0,0,0,1,0,0,0,0,0,0,1,0,0,1,0,1,0,0,0,1,1,0,1,1,0,1,0,0,0,0,0,1,0,1,1,0,0,1,1,0,0,1,1,0,1,0,1,0,1,0,1,0,0,1,1,1,0,1,1,1,1,1,1,0,0,0,0,1,0,0,1,1,0,0,0,0,0,0,0,0,0,1,0,1,0,0,0,0,1,0,1,1,0,0,1,0,1,0,0,0,0,1,0,1,0,0,0,1,0,1,0,1,0,0,0,1,0,0,0,1,1,0,0,1,0,1,1,0,0,1,1,0,1,1,1,1,0,0,0,1,0,0,0,0,1,1,0,1,0
T>G,TTG,1,0,1,0,1,1,0,0,0,1,1,1,1,1,0,1,0,0,1,1,0,0,1,0,0,0,0,0,0,0,1,0,0,0,0,1,0,0,0,0,1,1,0,0,0,0,0,1,0,1,0,1,0,1,1,1,1,0,0,0,1,0,1,0,1,0,0,0,0,1,0,0,0,1,0,1,0,1,0,1,1,0,1,0,1,0,0,1,1,0,0,0,0,1,1,1,1,0,0,1,0,0,1,0,0,0,0,1,0,0,1,0,0,0,1,0,1,0,0,1,1,1,1,0,1,1,0,1,0,1,0,0,0,0,0,0,0,1,1,0,1,0,0,1,0,0,0,0,0,0,1,1,0,1,0,0,0,0,1,0,1,0,1,0,1,0,0,0,1,0,1,1,0,0,0,0,1,1,0,0,1,0
T>G,TTT,0,1,1,1,1,1,1,0,1,0,1,1,0,0,0,0,0,0,1,1,0,0,0,0,0,0,0,0,0,0,0,0,0,0,0,0,0,1,0,0,0,0,0,0,0,1,1,0,0,0,0,1,0,0,1,1,1,0,1,0,0,0,0,0,1,1,1,1,0,0,0,1,0,0,1,1,1,1,1,1,1,0,1,1,0,0,1,1,0,0,0,1,0,0,0,0,0,0,0,0,0,0,0,0,0,0,0,0,1,0,0,0,0,0,1,0,1,0,0,0,0,0,0,0,0,0,0,0,0,0,0,0,0,0,0,0,0,0,1,0,1,0,1,1,0,1,1,0,1,1,0,1,0,1,0,0,1,0,0,1,0,0,1,0,0,1,0,0,0,0,0,0,1,1,0,0,1,0,0,0,0,0
