Mutation type,Trinucleotide,Ovary-AdenoCa::TCGA-04-1335-01A-01W-0488-09,Ovary-AdenoCa::TCGA-04-1336-01A-01W-0486-08,Ovary-AdenoCa::TCGA-04-1341-01A-01W-0486-08,Ovary-AdenoCa::TCGA-04-1342-01A-01W-0486-08,Ovary-AdenoCa::TCGA-04-1343-01A-01W-0486-08,Ovary-AdenoCa::TCGA-04-1346-01A-01W-0486-08,Ovary-AdenoCa::TCGA-04-1348-01A-01W-0492-08,Ovary-AdenoCa::TCGA-04-1353-01A-01D-1526-09,Ovary-AdenoCa::TCGA-04-1356-01A-01W-0492-08,Ovary-AdenoCa::TCGA-04-1357-01A-01W-0492-08,Ovary-AdenoCa::TCGA-04-1360-01A-01W-0492-08,Ovary-AdenoCa::TCGA-04-1361-01A-01W-0492-08,Ovary-AdenoCa::TCGA-04-1362-01A-01W-0492-08,Ovary-AdenoCa::TCGA-04-1369-01A-02D-1526-09,Ovary-AdenoCa::TCGA-04-1516-01A-01D-1526-09,Ovary-AdenoCa::TCGA-04-1638-01A-01W-0639-09,Ovary-AdenoCa::TCGA-04-1644-01B-01D-1526-09,Ovary-AdenoCa::TCGA-04-1646-01A-01W-0639-09,Ovary-AdenoCa::TCGA-04-1648-01A-01W-0639-09,Ovary-AdenoCa::TCGA-04-1649-01A-01W-0639-09,Ovary-AdenoCa::TCGA-04-1651-01A-01W-0639-09,Ovary-AdenoCa::TCGA-04-1652-01A-01W-0639-09,Ovary-AdenoCa::TCGA-04-1655-01A-01W-0633-09,Ovary-AdenoCa::TCGA-09-0364-01A-02W-0371-08,Ovary-AdenoCa::TCGA-09-0365-01A-02W-0371-08,Ovary-AdenoCa::TCGA-09-0369-01A-01W-0371-08,Ovary-AdenoCa::TCGA-09-1664-01A-01W-0639-09,Ovary-AdenoCa::TCGA-09-1670-01A-01W-0633-09,Ovary-AdenoCa::TCGA-09-1672-01A-01W-0633-09,Ovary-AdenoCa::TCGA-09-1673-01A-01W-0633-09,Ovary-AdenoCa::TCGA-09-1674-01A-01W-0633-09,Ovary-AdenoCa::TCGA-09-1675-01B-01W-0633-09,Ovary-AdenoCa::TCGA-09-2043-01A-01W-0799-08,Ovary-AdenoCa::TCGA-09-2044-01B-01D-0704-01,Ovary-AdenoCa::TCGA-09-2049-01D-01W-0799-08,Ovary-AdenoCa::TCGA-09-2051-01A-01W-0799-08,Ovary-AdenoCa::TCGA-09-2053-01C-01W-0722-08,Ovary-AdenoCa::TCGA-09-2055-01B-01W-0799-08,Ovary-AdenoCa::TCGA-10-0926-01A-01W-0420-08,Ovary-AdenoCa::TCGA-10-0927-01A-02W-0420-08,Ovary-AdenoCa::TCGA-10-0928-01A-02W-0420-08,Ovary-AdenoCa::TCGA-10-0930-01A-02W-0420-08,Ovary-AdenoCa::TCGA-10-0931-01A-01W-0420-08,Ovary-AdenoCa::TCGA-10-0933-01A-01W-0420-08,Ovary-AdenoCa::TCGA-10-0934-01A-02D-0399-01,Ovary-AdenoCa::TCGA-10-0935-01A-03W-0421-09,Ovary-AdenoCa::TCGA-10-0937-01A-02W-0420-08,Ovary-AdenoCa::TCGA-13-0714-01A-01W-0371-08,Ovary-AdenoCa::TCGA-13-0726-01A-01W-0371-08,Ovary-AdenoCa::TCGA-13-0751-01A-01D-0446-08,Ovary-AdenoCa::TCGA-13-0755-01A-01W-0371-08,Ovary-AdenoCa::TCGA-13-0757-01A-01D-0356-01,Ovary-AdenoCa::TCGA-13-0760-01A-01W-0371-08,Ovary-AdenoCa::TCGA-13-0764-01A-03W-0371-08,Ovary-AdenoCa::TCGA-13-0765-01A-01W-0372-09,Ovary-AdenoCa::TCGA-13-0768-01A-01W-0371-08,Ovary-AdenoCa::TCGA-13-0791-01A-01W-0371-08,Ovary-AdenoCa::TCGA-13-0794-01A-01W-0371-08,Ovary-AdenoCa::TCGA-13-0795-01A-01W-0371-08,Ovary-AdenoCa::TCGA-13-0800-01A-01W-0371-08,Ovary-AdenoCa::TCGA-13-0804-01A-01W-0372-09,Ovary-AdenoCa::TCGA-13-0805-01A-01W-0371-08,Ovary-AdenoCa::TCGA-13-0807-01B-02W-0420-08,Ovary-AdenoCa::TCGA-13-0883-01A-02W-0420-08,Ovary-AdenoCa::TCGA-13-0884-01B-01W-0494-09,Ovary-AdenoCa::TCGA-13-0885-01A-02W-0420-08,Ovary-AdenoCa::TCGA-13-0886-01A-01W-0420-08,Ovary-AdenoCa::TCGA-13-0887-01A-01W-0420-08,Ovary-AdenoCa::TCGA-13-0888-01A-01W-0420-08,Ovary-AdenoCa::TCGA-13-0889-01A-01W-0420-08,Ovary-AdenoCa::TCGA-13-0891-01A-01W-0420-08,Ovary-AdenoCa::TCGA-13-0893-01B-01W-0494-09,Ovary-AdenoCa::TCGA-13-0894-01B-01W-0492-08,Ovary-AdenoCa::TCGA-13-0897-01A-01W-0420-08,Ovary-AdenoCa::TCGA-13-0899-01A-01W-0420-08,Ovary-AdenoCa::TCGA-13-0903-01A-01W-0420-08,Ovary-AdenoCa::TCGA-13-0904-01A-02W-0420-08,Ovary-AdenoCa::TCGA-13-0905-01B-01W-0492-08,Ovary-AdenoCa::TCGA-13-0910-01A-01W-0420-08,Ovary-AdenoCa::TCGA-13-0911-01A-01W-0420-08,Ovary-AdenoCa::TCGA-13-0913-01A-01W-0420-08,Ovary-AdenoCa::TCGA-13-0916-01A-01W-0420-08,Ovary-AdenoCa::TCGA-13-0920-01A-01W-0420-08,Ovary-AdenoCa::TCGA-13-0921-01A-01W-0420-08,Ovary-AdenoCa::TCGA-13-0923-01A-01W-0420-08,Ovary-AdenoCa::TCGA-13-1403-01A-01W-0492-08,Ovary-AdenoCa::TCGA-13-1404-01A-01W-0494-09,Ovary-AdenoCa::TCGA-13-1405-01A-01W-0494-09,Ovary-AdenoCa::TCGA-13-1411-01A-01W-0492-08,Ovary-AdenoCa::TCGA-13-1412-01A-01W-0492-08,Ovary-AdenoCa::TCGA-13-1477-01A-01D-0472-01,Ovary-AdenoCa::TCGA-13-1481-01A-01W-0549-09,Ovary-AdenoCa::TCGA-13-1482-01A-01W-0549-09,Ovary-AdenoCa::TCGA-13-1483-01A-01W-0549-09,Ovary-AdenoCa::TCGA-13-1484-01A-01W-0545-08,Ovary-AdenoCa::TCGA-13-1488-01A-01W-0549-09,Ovary-AdenoCa::TCGA-13-1489-01A-01W-0549-09,Ovary-AdenoCa::TCGA-13-1492-01A-01W-0545-08,Ovary-AdenoCa::TCGA-13-1494-01A-01W-0545-08,Ovary-AdenoCa::TCGA-13-1495-01A-01W-0545-08,Ovary-AdenoCa::TCGA-13-1496-01A-01W-0545-08,Ovary-AdenoCa::TCGA-13-1497-01A-01W-0549-09,Ovary-AdenoCa::TCGA-13-1498-01A-01W-0549-09,Ovary-AdenoCa::TCGA-13-1499-01A-01W-0549-09,Ovary-AdenoCa::TCGA-13-1500-01A-01D-0472-01,Ovary-AdenoCa::TCGA-13-1501-01A-01W-0545-08,Ovary-AdenoCa::TCGA-13-1504-01A-01W-0545-08,Ovary-AdenoCa::TCGA-13-1505-01A-01D-0472-01,Ovary-AdenoCa::TCGA-13-1506-01A-01W-0549-09,Ovary-AdenoCa::TCGA-13-1507-01A-01W-0549-09,Ovary-AdenoCa::TCGA-13-1509-01A-01W-0549-09,Ovary-AdenoCa::TCGA-13-1510-01A-02W-0545-08,Ovary-AdenoCa::TCGA-13-1511-01A-01W-0545-08,Ovary-AdenoCa::TCGA-13-1512-01A-01W-0545-08,Ovary-AdenoCa::TCGA-13-2057-01A-02D-1526-09,Ovary-AdenoCa::TCGA-13-2059-01A-01D-1526-09,Ovary-AdenoCa::TCGA-13-2060-01A-01W-0799-08,Ovary-AdenoCa::TCGA-13-2061-01A-01D-1526-09,Ovary-AdenoCa::TCGA-13-2065-01A-01D-1526-09,Ovary-AdenoCa::TCGA-13-2071-01A-02D-1526-09,Ovary-AdenoCa::TCGA-13-A5FT-01A-11D-A403-09,Ovary-AdenoCa::TCGA-13-A5FU-01A-11D-A403-09,Ovary-AdenoCa::TCGA-20-0987-01A-02W-0486-08,Ovary-AdenoCa::TCGA-20-0991-01A-03D-0428-01,Ovary-AdenoCa::TCGA-20-0996-01A-03W-0486-08,Ovary-AdenoCa::TCGA-20-1682-01A-01W-0633-09,Ovary-AdenoCa::TCGA-20-1683-01A-01W-0633-09,Ovary-AdenoCa::TCGA-20-1684-01A-01W-0633-09,Ovary-AdenoCa::TCGA-20-1685-01A-01W-0633-09,Ovary-AdenoCa::TCGA-20-1686-01A-01W-0633-09,Ovary-AdenoCa::TCGA-20-1687-01A-01W-0633-09,Ovary-AdenoCa::TCGA-23-1021-01B-01W-0486-08,Ovary-AdenoCa::TCGA-23-1022-01A-02W-0486-08,Ovary-AdenoCa::TCGA-23-1027-01A-02W-0486-08,Ovary-AdenoCa::TCGA-23-1029-01B-01W-0639-09,Ovary-AdenoCa::TCGA-23-1030-01A-02W-0486-08,Ovary-AdenoCa::TCGA-23-1032-01A-02W-0486-08,Ovary-AdenoCa::TCGA-23-1111-01A-01W-0639-09,Ovary-AdenoCa::TCGA-23-1113-01A-01W-0486-08,Ovary-AdenoCa::TCGA-23-1114-01B-01W-0633-09,Ovary-AdenoCa::TCGA-23-1116-01A-01W-0486-08,Ovary-AdenoCa::TCGA-23-1117-01A-02W-0486-08,Ovary-AdenoCa::TCGA-23-1121-01A-01W-0486-08,Ovary-AdenoCa::TCGA-23-1122-01A-01W-0486-08,Ovary-AdenoCa::TCGA-23-1123-01A-01W-0486-08,Ovary-AdenoCa::TCGA-23-1809-01A-01W-0633-09,Ovary-AdenoCa::TCGA-23-2072-01A-01W-0722-08,Ovary-AdenoCa::TCGA-23-2077-01A-01W-0722-08,Ovary-AdenoCa::TCGA-23-2078-01A-01W-0722-08,Ovary-AdenoCa::TCGA-23-2079-01A-01W-0722-08,Ovary-AdenoCa::TCGA-23-2081-01A-01W-0722-08,Ovary-AdenoCa::TCGA-23-2084-01A-02W-0722-08,Ovary-AdenoCa::TCGA-23-2641-01A-01D-1526-09,Ovary-AdenoCa::TCGA-23-2643-01A-01D-1526-09,Ovary-AdenoCa::TCGA-23-2645-01A-01W-1091-09,Ovary-AdenoCa::TCGA-23-2647-01A-01D-1526-09,Ovary-AdenoCa::TCGA-23-2649-01A-01D-1526-09,Ovary-AdenoCa::TCGA-24-0970-01B-01W-0486-08,Ovary-AdenoCa::TCGA-24-0980-01A-01W-0420-08,Ovary-AdenoCa::TCGA-24-1104-01A-01W-0488-09,Ovary-AdenoCa::TCGA-24-1413-01A-01W-0494-09,Ovary-AdenoCa::TCGA-24-1416-01A-01W-0549-09,Ovary-AdenoCa::TCGA-24-1417-01A-01W-0549-09,Ovary-AdenoCa::TCGA-24-1418-01A-01W-0549-09,Ovary-AdenoCa::TCGA-24-1422-01A-01W-0545-08,Ovary-AdenoCa::TCGA-24-1423-01A-01W-0545-08,Ovary-AdenoCa::TCGA-24-1424-01A-01W-0549-09,Ovary-AdenoCa::TCGA-24-1425-01A-02W-0553-09,Ovary-AdenoCa::TCGA-24-1426-01A-01W-0549-09,Ovary-AdenoCa::TCGA-24-1427-01A-01W-0549-09,Ovary-AdenoCa::TCGA-24-1428-01A-01W-0549-09,Ovary-AdenoCa::TCGA-24-1430-01A-01W-0545-08,Ovary-AdenoCa::TCGA-24-1431-01A-01D-0472-01,Ovary-AdenoCa::TCGA-24-1434-01A-01W-0545-08,Ovary-AdenoCa::TCGA-24-1435-01A-01W-0549-09,Ovary-AdenoCa::TCGA-24-1436-01A-01W-0549-09,Ovary-AdenoCa::TCGA-24-1463-01A-01W-0549-09,Ovary-AdenoCa::TCGA-24-1464-01A-01W-0549-09,Ovary-AdenoCa::TCGA-24-1467-01A-01W-0545-08,Ovary-AdenoCa::TCGA-24-1469-01A-01W-0553-09,Ovary-AdenoCa::TCGA-24-1470-01A-01W-0553-09,Ovary-AdenoCa::TCGA-24-1471-01A-01W-0551-08,Ovary-AdenoCa::TCGA-24-1474-01A-01W-0551-08,Ovary-AdenoCa::TCGA-24-1550-01A-01W-0551-08,Ovary-AdenoCa::TCGA-24-1551-01A-01W-0551-08,Ovary-AdenoCa::TCGA-24-1562-01A-01W-0553-09,Ovary-AdenoCa::TCGA-24-1564-01A-01W-0551-08,Ovary-AdenoCa::TCGA-24-1565-01A-01W-0551-08,Ovary-AdenoCa::TCGA-24-1603-01A-01W-0551-08,Ovary-AdenoCa::TCGA-24-1616-01A-01W-0553-09,Ovary-AdenoCa::TCGA-24-1842-01A-01W-0639-09,Ovary-AdenoCa::TCGA-24-1843-01A-01W-0639-09,Ovary-AdenoCa::TCGA-24-1844-01A-01W-0639-09,Ovary-AdenoCa::TCGA-24-1845-01A-01W-0639-09,Ovary-AdenoCa::TCGA-24-1846-01A-01W-0639-09,Ovary-AdenoCa::TCGA-24-1847-01A-01W-0633-09,Ovary-AdenoCa::TCGA-24-1849-01A-01W-0639-09,Ovary-AdenoCa::TCGA-24-1850-01A-01W-0639-09,Ovary-AdenoCa::TCGA-24-1927-01A-01W-0699-08,Ovary-AdenoCa::TCGA-24-2019-01A-02W-0722-08,Ovary-AdenoCa::TCGA-24-2030-01A-01W-0722-08,Ovary-AdenoCa::TCGA-24-2033-01A-01W-0722-08,Ovary-AdenoCa::TCGA-24-2035-01A-01W-0722-08,Ovary-AdenoCa::TCGA-24-2038-01A-01W-0722-08,Ovary-AdenoCa::TCGA-24-2254-01A-01W-0722-08,Ovary-AdenoCa::TCGA-24-2260-01A-01W-0722-08,Ovary-AdenoCa::TCGA-24-2261-01A-01W-0722-08,Ovary-AdenoCa::TCGA-24-2262-01A-01W-0799-08,Ovary-AdenoCa::TCGA-24-2267-01A-01W-0799-08,Ovary-AdenoCa::TCGA-24-2271-01A-01W-0799-08,Ovary-AdenoCa::TCGA-24-2280-01A-01W-0799-08,Ovary-AdenoCa::TCGA-24-2281-01A-01W-0799-08,Ovary-AdenoCa::TCGA-24-2288-01A-01W-0799-08,Ovary-AdenoCa::TCGA-24-2289-01A-01W-0799-08,Ovary-AdenoCa::TCGA-24-2293-01A-01W-0799-08,Ovary-AdenoCa::TCGA-24-2295-01A-01W-0799-08,Ovary-AdenoCa::TCGA-24-2298-01A-01W-0799-08,Ovary-AdenoCa::TCGA-25-1312-01A-01W-0492-08,Ovary-AdenoCa::TCGA-25-1313-01A-01W-0492-08,Ovary-AdenoCa::TCGA-25-1314-01A-01W-0492-08,Ovary-AdenoCa::TCGA-25-1315-01A-01W-0494-09,Ovary-AdenoCa::TCGA-25-1316-01A-01W-0494-09,Ovary-AdenoCa::TCGA-25-1319-01A-01D-0452-01,Ovary-AdenoCa::TCGA-25-1320-01A-01W-0492-08,Ovary-AdenoCa::TCGA-25-1323-01A-01W-0494-09,Ovary-AdenoCa::TCGA-25-1326-01A-01W-0492-08,Ovary-AdenoCa::TCGA-25-1328-01A-01W-0492-08,Ovary-AdenoCa::TCGA-25-1329-01A-01W-0492-08,Ovary-AdenoCa::TCGA-25-2042-01A-01W-0799-08,Ovary-AdenoCa::TCGA-25-2392-01A-01W-0799-08,Ovary-AdenoCa::TCGA-25-2393-01A-01W-0799-08,Ovary-AdenoCa::TCGA-25-2396-01A-01W-0799-08,Ovary-AdenoCa::TCGA-25-2397-01A-01D-0704-01,Ovary-AdenoCa::TCGA-25-2398-01A-01D-0704-01,Ovary-AdenoCa::TCGA-25-2399-01A-01W-0799-08,Ovary-AdenoCa::TCGA-25-2401-01A-01W-0799-08,Ovary-AdenoCa::TCGA-25-2404-01A-01W-0799-08,Ovary-AdenoCa::TCGA-25-2408-01A-01W-0799-08,Ovary-AdenoCa::TCGA-25-2409-01A-01W-0799-08,Ovary-AdenoCa::TCGA-29-1688-01A-01W-0633-09,Ovary-AdenoCa::TCGA-29-1691-01A-01W-0633-09,Ovary-AdenoCa::TCGA-29-1693-01A-01W-0633-09,Ovary-AdenoCa::TCGA-29-1694-01A-01W-0633-09,Ovary-AdenoCa::TCGA-29-1695-01A-01W-0633-09,Ovary-AdenoCa::TCGA-29-1696-01A-01W-0633-09,Ovary-AdenoCa::TCGA-29-1697-01A-01W-0633-09,Ovary-AdenoCa::TCGA-29-1698-01A-01W-0633-09,Ovary-AdenoCa::TCGA-29-1699-01A-01W-0633-09,Ovary-AdenoCa::TCGA-29-1701-01A-01W-0633-09,Ovary-AdenoCa::TCGA-29-1702-01A-01W-0633-09,Ovary-AdenoCa::TCGA-29-1703-01A-01W-0633-09,Ovary-AdenoCa::TCGA-29-1705-01A-01W-0633-09,Ovary-AdenoCa::TCGA-29-1707-01A-01W-0633-09,Ovary-AdenoCa::TCGA-29-1710-01A-02W-0633-09,Ovary-AdenoCa::TCGA-29-1711-01A-01W-0633-09,Ovary-AdenoCa::TCGA-29-1761-01A-01W-0633-09,Ovary-AdenoCa::TCGA-29-1762-01A-01W-0633-09,Ovary-AdenoCa::TCGA-29-1763-01A-02W-0633-09,Ovary-AdenoCa::TCGA-29-1764-01A-01W-0633-09,Ovary-AdenoCa::TCGA-29-1766-01A-01W-0633-09,Ovary-AdenoCa::TCGA-29-1768-01A-01W-0633-09,Ovary-AdenoCa::TCGA-29-1769-01A-01W-0639-09,Ovary-AdenoCa::TCGA-29-1770-01A-01W-0633-09,Ovary-AdenoCa::TCGA-29-1771-01A-01W-0633-09,Ovary-AdenoCa::TCGA-29-1774-01A-01W-0639-09,Ovary-AdenoCa::TCGA-29-1775-01A-01W-0639-09,Ovary-AdenoCa::TCGA-29-1776-01A-01W-0639-09,Ovary-AdenoCa::TCGA-29-1777-01A-01W-0639-09,Ovary-AdenoCa::TCGA-29-1778-01A-01W-0639-09,Ovary-AdenoCa::TCGA-29-1781-01A-01W-0633-09,Ovary-AdenoCa::TCGA-29-1783-01A-01W-0633-09,Ovary-AdenoCa::TCGA-29-1784-01A-02W-0633-09,Ovary-AdenoCa::TCGA-29-1785-01A-01W-0633-09,Ovary-AdenoCa::TCGA-29-2427-01A-01W-0799-08,Ovary-AdenoCa::TCGA-29-2429-01A-01D-1526-09,Ovary-AdenoCa::TCGA-29-2431-01A-01D-1526-09,Ovary-AdenoCa::TCGA-29-2432-01A-01D-1526-09,Ovary-AdenoCa::TCGA-29-2434-01A-01D-1526-09,Ovary-AdenoCa::TCGA-29-2436-01A-01D-1526-09,Ovary-AdenoCa::TCGA-29-A5NZ-01A-11D-A403-09,Ovary-AdenoCa::TCGA-30-1714-01A-02W-0633-09,Ovary-AdenoCa::TCGA-30-1718-01A-01W-0633-09,Ovary-AdenoCa::TCGA-30-1853-01A-02W-0699-08,Ovary-AdenoCa::TCGA-30-1855-01A-01W-0639-09,Ovary-AdenoCa::TCGA-30-1856-01A-01W-0639-09,Ovary-AdenoCa::TCGA-30-1857-01A-02W-0639-09,Ovary-AdenoCa::TCGA-30-1862-01A-02W-0699-08,Ovary-AdenoCa::TCGA-30-1891-01A-01W-0699-08,Ovary-AdenoCa::TCGA-31-1950-01A-01W-0699-08,Ovary-AdenoCa::TCGA-31-1953-01A-01W-0699-08,Ovary-AdenoCa::TCGA-31-1959-01A-01W-0699-08,Ovary-AdenoCa::TCGA-36-2530-01A-01D-1526-09,Ovary-AdenoCa::TCGA-36-2532-01A-01D-1526-09,Ovary-AdenoCa::TCGA-36-2533-01A-01D-1526-09,Ovary-AdenoCa::TCGA-36-2534-01A-01D-1526-09,Ovary-AdenoCa::TCGA-36-2537-01A-01D-1526-09,Ovary-AdenoCa::TCGA-36-2538-01A-01D-1526-09,Ovary-AdenoCa::TCGA-36-2540-01A-01D-1526-09,Ovary-AdenoCa::TCGA-36-2542-01A-01D-1526-09,Ovary-AdenoCa::TCGA-36-2543-01A-01D-1526-09,Ovary-AdenoCa::TCGA-36-2544-01A-01D-1526-09,Ovary-AdenoCa::TCGA-36-2545-01A-01D-1526-09,Ovary-AdenoCa::TCGA-36-2547-01A-01D-1526-09,Ovary-AdenoCa::TCGA-36-2548-01A-01D-1526-09,Ovary-AdenoCa::TCGA-36-2551-01A-01D-1526-09,Ovary-AdenoCa::TCGA-36-2552-01A-01D-1526-09,Ovary-AdenoCa::TCGA-3P-A9WA-01A-11D-A403-09,Ovary-AdenoCa::TCGA-42-2582-01A-01D-1526-09,Ovary-AdenoCa::TCGA-42-2587-01A-01D-1526-09,Ovary-AdenoCa::TCGA-42-2588-01A-01D-1526-09,Ovary-AdenoCa::TCGA-42-2589-01A-01D-1526-09,Ovary-AdenoCa::TCGA-42-2590-01A-01D-1526-09,Ovary-AdenoCa::TCGA-42-2591-01A-01D-1526-09,Ovary-AdenoCa::TCGA-42-2593-01A-01D-1764-09,Ovary-AdenoCa::TCGA-57-1586-01A-02W-0633-09,Ovary-AdenoCa::TCGA-57-1992-01A-01W-0699-08,Ovary-AdenoCa::TCGA-57-1993-01A-01W-0699-08,Ovary-AdenoCa::TCGA-57-1994-01A-01W-0894-08,Ovary-AdenoCa::TCGA-59-2348-01A-01W-0799-08,Ovary-AdenoCa::TCGA-59-2349-01A-01W-0799-08,Ovary-AdenoCa::TCGA-59-2350-01A-01W-0799-08,Ovary-AdenoCa::TCGA-59-2351-01A-01W-0799-08,Ovary-AdenoCa::TCGA-59-2352-01A-01W-0799-08,Ovary-AdenoCa::TCGA-59-2354-01A-01W-0799-08,Ovary-AdenoCa::TCGA-59-2355-01A-01W-0799-08,Ovary-AdenoCa::TCGA-59-2363-01A-01W-0799-08,Ovary-AdenoCa::TCGA-59-2372-01A-01D-1526-09,Ovary-AdenoCa::TCGA-59-A5PD-01A-11D-A403-09,Ovary-AdenoCa::TCGA-5X-AA5U-01A-11D-A403-09,Ovary-AdenoCa::TCGA-61-1722-01A-01D-1556-09,Ovary-AdenoCa::TCGA-61-1725-01A-01W-0639-09,Ovary-AdenoCa::TCGA-61-1727-01A-01W-0639-09,Ovary-AdenoCa::TCGA-61-1728-01A-01W-0699-08,Ovary-AdenoCa::TCGA-61-1730-01A-01W-0639-09,Ovary-AdenoCa::TCGA-61-1733-01A-01W-0639-09,Ovary-AdenoCa::TCGA-61-1736-01B-01W-0722-08,Ovary-AdenoCa::TCGA-61-1737-01A-01W-0639-09,Ovary-AdenoCa::TCGA-61-1738-01A-01W-0639-09,Ovary-AdenoCa::TCGA-61-1740-01A-01W-0639-09,Ovary-AdenoCa::TCGA-61-1741-01A-02W-0639-09,Ovary-AdenoCa::TCGA-61-1895-01A-01W-0639-09,Ovary-AdenoCa::TCGA-61-1899-01A-01W-0639-09,Ovary-AdenoCa::TCGA-61-1900-01A-01W-0639-09,Ovary-AdenoCa::TCGA-61-1901-01A-01W-0639-09,Ovary-AdenoCa::TCGA-61-1903-01A-01W-0639-09,Ovary-AdenoCa::TCGA-61-1904-01A-01W-0639-09,Ovary-AdenoCa::TCGA-61-1906-01A-01W-0639-09,Ovary-AdenoCa::TCGA-61-1907-01A-01W-0639-09,Ovary-AdenoCa::TCGA-61-1910-01A-01W-0639-09,Ovary-AdenoCa::TCGA-61-1911-01A-01W-0639-09,Ovary-AdenoCa::TCGA-61-1913-01A-01W-0639-09,Ovary-AdenoCa::TCGA-61-1914-01A-01W-0639-09,Ovary-AdenoCa::TCGA-61-1915-01A-01W-0639-09,Ovary-AdenoCa::TCGA-61-1919-01A-01W-0699-08,Ovary-AdenoCa::TCGA-61-1995-01A-01W-0722-08,Ovary-AdenoCa::TCGA-61-1998-01A-01W-0722-08,Ovary-AdenoCa::TCGA-61-2002-01A-01W-0722-08,Ovary-AdenoCa::TCGA-61-2003-01A-01W-0722-08,Ovary-AdenoCa::TCGA-61-2008-01A-02W-0722-08,Ovary-AdenoCa::TCGA-61-2009-01A-01W-0722-08,Ovary-AdenoCa::TCGA-61-2012-01A-01W-0722-08,Ovary-AdenoCa::TCGA-61-2016-01A-01W-0722-08,Ovary-AdenoCa::TCGA-61-2018-01A-01W-0722-08,Ovary-AdenoCa::TCGA-61-2087-01A-01W-0722-08,Ovary-AdenoCa::TCGA-61-2088-01A-01W-0722-08,Ovary-AdenoCa::TCGA-61-2092-01A-01W-0722-08,Ovary-AdenoCa::TCGA-61-2094-01A-01W-0722-08,Ovary-AdenoCa::TCGA-61-2095-01A-01W-0722-08,Ovary-AdenoCa::TCGA-61-2096-01A-01W-0722-08,Ovary-AdenoCa::TCGA-61-2101-01A-01W-0722-08,Ovary-AdenoCa::TCGA-61-2102-01A-01W-0722-08,Ovary-AdenoCa::TCGA-61-2104-01A-01W-0722-08,Ovary-AdenoCa::TCGA-61-2109-01A-01W-0722-08,Ovary-AdenoCa::TCGA-61-2110-01A-01W-0722-08,Ovary-AdenoCa::TCGA-61-2111-01A-01W-0722-08,Ovary-AdenoCa::TCGA-61-2113-01A-01W-0722-08,Ovary-AdenoCa::TCGA-61-2610-02A-01W-1092-09,Ovary-AdenoCa::TCGA-61-2611-02A-01W-1092-09,Ovary-AdenoCa::TCGA-61-2612-01A-01W-1092-09,Ovary-AdenoCa::TCGA-61-2613-01A-01W-1092-09,Ovary-AdenoCa::TCGA-61-2614-01A-01W-1092-09,Ovary-AdenoCa::TCGA-OY-A56P-01A-12D-A403-09,Ovary-AdenoCa::TCGA-OY-A56Q-01A-11D-A403-09,Ovary-AdenoCa::TCGA-VG-A8LO-01A-11D-A403-09,Ovary-AdenoCa::TCGA-WR-A838-01A-12D-A403-09
C>A,ACA,0,0,0,1,0,0,0,0,1,1,1,1,0,1,0,1,0,0,1,1,1,0,1,0,0,0,0,0,0,0,0,0,1,1,1,1,0,1,0,0,0,1,1,0,0,0,0,0,1,0,1,1,1,0,0,0,0,0,0,1,0,0,0,0,0,1,0,1,1,0,0,1,1,1,0,1,0,0,0,0,0,0,1,1,0,1,1,1,0,1,1,1,0,0,0,1,1,0,0,0,0,1,1,1,0,0,0,0,0,0,0,0,1,0,1,1,1,0,0,0,0,0,0,0,0,1,1,1,1,0,1,1,1,0,1,0,0,0,0,1,1,1,1,0,1,0,1,1,1,1,0,0,1,0,1,0,0,0,0,0,1,0,1,0,1,1,1,0,1,1,1,1,1,1,1,0,0,0,0,1,0,0,0,0,1,0,0,0,0,0,0,1,1,1,1,1,1,0,1,0,1,1,1,0,0,0,0,1,1,1,1,1,1,1,1,0,1,0,1,0,1,0,1,0,0,1,0,0,1,0,0,0,0,0,0,0,0,0,0,1,1,0,0,1,1,0,1,0,0,0,1,0,1,1,1,0,0,1,0,1,1,1,1,0,1,0,0,1,0,1,1,1,0,1,0,0,0,1,0,1,0,1,0,1,0,0,0,1,0,0,1,0,0,1,1,0,0,0,0,0,1,0,1,0,0,0,1,0,1,0,0,0,1,0,0,1,0,0,1,0,0,1,0,0,0,0,0,1,0,1,1,1,0,1,0,1,1,0,1,0,1,0,1,0,1,0,0,1,1,0,1,1,0,0,0,1,1,1,0,1,0,0,1,1,0,0,1,1,0,0,0,1,0,1,0,1,1,0,0,1,0,0,1,1,0
C>A,ACC,0,0,0,1,1,0,0,0,1,0,1,1,0,1,0,0,0,0,1,0,1,0,0,0,0,1,0,0,0,1,1,1,1,1,1,0,1,0,0,0,0,1,0,0,0,0,0,0,0,0,1,1,1,0,0,0,1,0,1,1,0,0,1,0,1,1,0,1,1,0,0,1,1,0,0,1,0,1,0,0,1,0,1,0,0,1,0,0,1,0,1,1,1,1,0,1,1,1,1,0,0,0,1,0,0,1,0,0,0,0,1,1,0,0,1,0,0,1,1,0,0,1,0,0,0,0,1,0,1,0,0,1,1,0,1,0,0,0,0,1,1,1,1,1,0,0,0,1,1,1,1,1,1,0,1,0,1,1,0,1,1,0,0,0,1,0,1,1,1,1,1,0,1,0,1,0,1,0,0,0,0,0,1,0,0,0,0,0,1,0,0,1,1,1,0,1,1,1,1,0,0,1,1,0,0,1,0,1,1,1,1,1,1,1,1,1,1,0,1,1,1,0,0,1,0,0,0,0,1,1,1,0,0,0,1,1,0,0,0,0,1,1,0,0,1,0,1,1,1,0,1,0,1,1,0,1,1,1,0,1,0,1,0,0,1,1,0,1,0,0,0,0,1,0,1,0,1,1,0,0,1,1,0,1,1,0,0,1,0,0,0,0,0,1,1,0,0,0,0,1,1,0,0,1,0,0,1,1,1,0,1,0,1,1,0,1,0,0,1,0,0,1,0,1,1,1,1,1,1,1,1,0,0,1,0,0,1,0,1,1,1,0,1,0,0,0,1,1,1,1,1,1,1,0,0,1,0,1,0,1,1,0,1,0,0,0,1,0,1,0,0,1,1,0,0,1,1,1,0,1,0,0,1,0,0
C>A,ACG,1,0,1,1,0,0,0,1,0,1,0,1,1,0,0,0,0,0,1,1,0,0,0,0,0,1,0,1,0,0,1,1,1,1,1,1,1,1,0,0,0,1,1,0,1,1,0,0,1,0,0,0,0,0,0,0,1,0,1,0,1,0,1,0,1,0,0,1,1,0,0,1,0,0,0,0,0,1,0,0,1,0,1,0,0,0,0,0,0,0,0,0,0,1,0,1,1,0,0,0,1,1,1,1,1,0,0,0,0,0,0,0,0,1,0,0,1,0,0,0,1,1,0,1,0,0,0,0,1,0,1,1,1,0,1,1,0,0,1,1,1,1,1,1,1,0,0,0,1,1,0,1,1,0,0,0,1,0,0,0,1,0,1,0,1,1,0,0,1,0,0,0,1,1,0,0,0,1,0,0,1,0,1,0,0,0,0,0,0,0,0,0,1,1,0,1,1,1,1,0,1,0,0,0,0,0,1,1,1,0,1,1,1,1,1,0,1,0,0,0,0,0,1,0,0,1,0,0,1,0,1,0,0,1,0,1,1,0,0,0,0,0,0,0,0,1,0,0,0,1,0,1,0,0,1,1,1,1,1,0,0,1,0,0,1,0,0,1,1,0,0,0,1,0,1,0,1,1,0,0,1,0,0,0,0,0,0,1,0,0,0,0,0,0,1,1,1,0,1,0,1,0,0,0,0,0,1,0,0,0,0,1,1,0,1,1,1,0,0,0,0,1,0,0,0,0,1,1,0,1,0,0,1,1,0,1,1,0,1,0,0,0,1,1,0,1,1,1,0,0,0,1,0,0,0,1,0,0,1,1,1,1,1,0,0,1,0,1,1,0,1,1,0,0,0,1,1,0,1,1,0,1,0,1,0
C>A,ACT,0,1,0,0,1,0,0,0,0,0,1,1,1,1,1,1,0,0,1,1,1,0,1,0,0,0,0,0,0,0,0,1,1,1,1,1,0,1,0,0,0,1,0,0,0,0,0,0,1,0,0,1,1,0,0,0,1,0,0,1,0,0,1,1,0,0,0,1,1,0,0,1,1,0,0,0,1,0,0,0,0,0,1,0,0,0,1,0,0,0,1,1,0,1,0,1,1,0,0,0,0,1,0,1,1,1,0,1,0,0,0,1,0,1,1,0,0,0,0,0,0,1,0,0,0,1,0,0,1,0,0,1,1,0,0,1,0,0,0,1,1,1,1,0,1,0,1,0,0,0,1,0,1,0,1,0,1,0,1,0,0,0,0,0,1,1,0,1,1,0,0,0,1,0,1,0,0,0,0,1,0,0,0,1,0,0,0,0,0,0,0,1,1,1,0,0,1,0,1,0,0,0,0,0,0,0,0,1,0,1,1,1,1,1,1,1,1,0,1,1,1,0,0,1,0,1,0,0,1,1,0,0,0,0,0,0,0,0,0,0,0,0,0,0,0,0,1,0,1,0,0,0,0,0,0,1,1,1,1,1,0,0,1,0,0,0,0,0,1,1,0,0,0,0,0,0,0,0,0,1,0,1,0,0,0,0,0,0,0,0,0,1,0,0,1,0,1,0,0,0,0,0,0,0,0,0,0,1,1,0,0,0,0,0,0,0,0,0,0,0,1,0,0,0,0,1,0,1,0,1,1,0,1,0,0,1,1,0,0,0,0,1,1,0,0,0,0,0,1,0,0,1,0,0,0,1,0,1,0,0,1,0,0,0,0,0,0,1,0,0,0,0,0,0,1,1,0,0,0,0,0,0,0,0,0
C>A,CCA,0,0,0,0,0,0,0,0,1,0,0,0,0,0,0,0,0,0,0,0,0,0,0,0,0,0,0,0,0,0,0,0,0,1,0,1,0,0,0,0,0,0,0,0,0,0,0,0,0,0,0,0,0,0,0,0,0,0,0,0,0,0,0,0,0,0,0,0,0,0,0,0,0,0,0,0,0,0,0,0,0,0,1,0,0,0,0,0,0,0,0,0,0,0,0,0,0,0,0,0,0,0,1,0,0,0,0,0,0,0,0,0,0,0,0,0,0,0,0,0,0,0,0,0,0,0,0,0,0,0,0,0,1,0,0,0,0,0,0,0,0,0,1,0,0,0,0,0,0,0,0,0,0,0,0,0,0,0,0,0,0,0,0,0,0,0,0,0,1,0,0,0,0,0,0,0,0,0,0,0,0,0,0,0,0,0,0,0,0,0,0,0,0,0,0,0,0,0,0,0,0,0,0,0,0,0,0,0,0,0,0,0,0,0,0,0,0,0,0,0,0,0,0,0,0,0,0,0,0,0,0,0,1,1,0,0,0,0,0,0,0,0,0,0,0,0,0,0,0,0,0,0,0,0,0,0,0,1,0,0,0,0,0,0,0,0,0,1,0,0,0,1,0,0,0,0,0,0,0,0,0,0,0,0,0,0,0,0,0,0,0,1,0,0,0,0,0,0,0,0,0,0,0,0,0,0,0,0,0,0,0,0,0,0,0,0,0,0,0,0,0,0,0,0,0,0,0,0,0,0,0,0,0,0,0,0,1,0,0,0,0,0,0,0,0,0,0,0,0,0,0,0,0,0,0,0,0,0,0,0,0,0,0,0,0,0,0,0,0,0,0,0,0,0,0,0,0,0,0,0,0,0,0,0,0
C>A,CCC,0,0,0,1,0,0,0,0,1,0,1,1,1,0,0,0,0,0,0,0,0,1,0,0,0,1,0,0,0,0,1,1,1,1,1,1,1,1,0,0,0,1,0,0,0,0,0,0,1,1,1,0,1,0,0,0,1,0,1,0,0,1,1,0,0,1,0,1,1,0,0,0,1,0,0,0,0,0,0,0,0,0,1,0,0,0,0,1,0,0,1,0,0,1,0,0,0,0,1,0,0,1,1,0,0,0,0,0,0,1,0,0,0,0,0,0,0,1,0,0,1,0,0,1,0,0,1,0,0,0,1,0,1,1,1,0,0,0,0,1,1,0,1,0,1,0,0,0,1,0,1,1,1,0,1,0,1,0,0,1,0,0,1,0,1,1,0,1,1,0,0,1,1,0,1,0,0,0,0,1,1,0,0,1,1,0,0,0,0,0,1,0,1,1,1,0,1,0,1,0,1,0,1,0,0,0,0,1,0,0,1,0,1,1,1,0,1,0,1,0,0,0,1,1,0,1,1,0,0,1,1,0,1,1,1,0,1,0,0,1,1,1,0,0,0,0,1,0,0,0,1,1,0,0,0,1,1,0,1,1,1,0,0,0,0,0,0,1,0,1,0,1,0,1,1,0,0,1,0,0,0,1,1,1,0,1,0,1,0,0,0,1,0,1,1,0,0,0,1,1,0,1,1,0,0,0,1,0,1,0,1,0,1,0,0,0,1,0,0,1,0,1,1,0,0,1,1,1,0,1,0,1,0,0,0,0,1,1,1,0,1,0,1,1,0,0,0,1,1,0,0,1,1,0,0,1,0,1,0,0,0,0,1,1,0,1,1,1,0,0,0,0,0,1,0,1,0,1,1,0,0,1,0,0,1
C>A,CCG,0,0,0,0,0,0,0,0,0,0,0,0,0,0,0,0,0,0,0,0,0,0,0,0,0,0,0,0,0,0,0,0,0,1,0,0,0,0,0,0,0,0,0,0,0,0,0,0,0,0,0,0,0,0,0,0,0,0,0,0,0,0,0,0,0,0,0,0,1,0,0,0,0,0,0,0,0,0,0,0,0,0,0,0,0,0,0,0,0,0,0,0,0,0,0,0,0,0,0,0,0,0,0,0,0,0,0,0,0,0,0,0,0,0,0,0,0,0,0,0,0,0,0,0,0,0,0,0,0,0,0,0,0,0,0,0,0,0,0,0,0,0,0,1,0,0,0,0,0,0,0,0,0,0,0,0,0,0,0,0,0,0,0,0,0,0,0,0,0,1,0,0,0,0,0,0,0,0,0,0,0,0,0,0,0,0,0,0,0,0,0,0,0,0,0,0,0,0,0,0,0,0,0,0,0,0,0,0,0,0,0,0,0,0,0,0,0,0,0,0,0,0,0,1,0,0,0,0,0,0,0,0,1,1,0,0,0,0,0,0,0,0,0,0,0,0,0,0,0,0,0,0,0,0,0,0,0,0,0,0,0,0,0,0,0,0,0,0,0,0,0,0,0,0,0,0,0,0,0,0,0,0,0,0,0,0,0,0,0,0,0,0,0,0,0,0,0,0,0,0,0,0,0,0,0,0,0,0,0,0,0,0,0,0,0,0,0,0,0,0,0,0,0,0,0,0,0,0,0,0,0,0,0,0,0,0,0,0,0,0,0,0,0,0,0,0,0,0,0,0,0,0,0,0,0,1,0,0,0,0,0,0,0,0,0,0,0,0,0,0,0,0,0,0,0,1,0,0,0,0,0,0,0,0,1
C>A,CCT,0,0,0,0,0,0,0,0,0,0,0,1,0,1,0,0,0,0,0,0,0,0,0,0,0,0,0,0,0,0,0,1,1,1,0,1,0,0,0,0,0,0,0,0,0,0,0,0,0,0,0,0,1,0,0,0,0,0,0,0,1,0,1,1,0,0,0,1,1,0,0,0,0,0,0,1,0,0,0,0,0,0,1,0,0,0,0,0,0,0,1,1,1,0,0,0,0,0,0,0,0,1,0,1,0,0,0,0,0,0,1,0,0,0,1,0,0,0,0,0,1,1,0,0,0,0,0,0,0,0,1,0,1,0,1,0,1,0,0,1,1,1,1,1,0,0,0,0,0,0,1,1,1,0,0,0,1,0,0,0,0,0,1,0,1,0,0,0,1,1,0,0,1,1,0,0,0,0,0,0,0,0,0,0,0,0,0,0,0,0,0,1,0,1,0,0,0,1,0,0,0,0,0,0,0,0,0,0,1,0,1,1,1,1,1,0,0,0,1,1,0,0,0,1,1,1,0,0,1,1,0,0,1,1,0,1,0,0,0,0,0,0,0,0,1,0,0,0,0,0,0,0,0,0,0,1,0,1,0,1,0,0,0,0,0,1,0,0,0,1,0,1,0,0,0,0,0,0,0,0,0,0,0,0,0,0,0,0,0,0,0,1,0,0,0,0,0,0,0,0,0,0,1,0,0,0,1,1,0,0,0,0,0,0,0,1,0,0,0,1,0,0,0,0,0,1,0,1,0,0,0,0,0,0,0,0,0,0,1,0,0,0,0,0,0,0,1,0,0,0,0,1,0,1,0,1,0,0,1,0,1,0,0,0,0,0,0,1,1,0,0,0,0,0,0,0,1,1,0,0,0,0,0,1,1
C>A,GCA,0,1,0,1,0,0,0,0,0,0,1,1,0,1,0,0,0,0,1,1,1,0,0,0,0,0,0,0,0,1,1,0,0,1,1,1,0,1,0,1,0,1,0,0,0,0,0,0,0,1,1,0,1,0,0,0,0,0,0,1,0,0,1,0,0,1,0,1,1,0,0,1,1,0,0,1,1,0,0,0,1,0,0,0,0,1,0,0,0,0,1,1,1,0,1,0,0,0,1,0,0,1,1,0,0,0,0,1,0,0,0,0,0,1,1,1,0,1,0,1,0,1,0,0,0,1,0,0,1,1,0,0,0,0,0,0,1,0,0,1,1,1,1,1,0,0,1,1,1,0,0,1,0,0,1,0,1,0,1,0,0,0,0,0,1,0,0,1,1,1,0,0,1,1,0,0,0,1,1,1,0,0,0,0,0,0,0,0,0,0,1,0,1,1,1,1,1,0,1,0,0,0,1,0,0,1,0,1,1,0,1,1,1,0,1,1,1,0,1,0,0,0,1,1,0,1,0,1,1,1,0,1,0,0,0,0,0,0,0,1,1,0,1,1,0,0,1,0,1,0,1,0,0,0,0,1,1,1,0,0,0,0,0,0,1,0,0,1,1,1,0,1,0,1,1,0,0,0,0,1,1,1,0,1,0,1,0,1,1,0,1,1,1,0,1,1,0,0,1,0,0,1,1,0,0,0,1,0,1,0,1,0,0,0,0,1,0,0,0,0,0,0,1,0,0,0,0,1,0,0,1,0,0,1,0,0,1,0,1,0,1,1,0,1,1,0,1,1,1,0,1,1,0,1,0,1,0,1,0,1,1,1,1,0,0,0,1,1,0,0,0,0,0,0,0,1,0,0,0,1,0,0,0,0,0
C>A,GCC,0,0,0,1,1,0,0,0,1,0,0,1,0,1,1,1,0,0,1,1,1,0,0,0,0,0,0,0,1,0,1,1,1,1,1,1,1,0,0,0,0,1,0,0,0,0,0,0,0,1,1,0,0,0,0,0,0,0,1,1,0,0,1,0,1,1,0,1,0,0,0,0,1,0,0,1,0,0,0,0,0,1,1,0,0,0,0,1,1,0,1,1,0,1,0,1,0,0,1,0,0,1,1,0,1,0,0,0,0,0,0,0,0,0,1,1,1,1,0,0,0,1,0,0,0,1,1,0,0,0,1,1,1,0,0,0,1,0,1,1,1,1,1,1,0,0,0,0,1,0,1,1,1,1,1,1,0,0,0,0,0,0,1,0,1,1,0,0,1,0,1,0,1,1,0,1,1,0,0,1,0,0,0,1,1,0,0,0,1,1,0,0,1,1,1,0,0,0,1,0,1,0,1,0,0,1,0,0,1,1,1,1,1,1,1,1,1,0,1,1,1,0,0,1,0,1,0,0,1,1,0,0,0,0,0,0,1,0,0,0,1,0,0,0,0,0,1,0,0,0,0,0,0,1,1,0,0,1,0,0,0,1,0,0,1,1,0,1,0,1,0,0,0,1,0,0,1,1,0,1,1,1,1,0,0,1,0,1,1,0,0,0,0,1,0,0,1,0,0,0,1,1,1,1,0,0,0,1,1,0,1,0,1,0,0,1,1,1,1,0,0,1,0,0,0,1,0,1,0,0,0,0,0,1,0,0,1,0,1,0,1,0,0,0,0,1,0,0,1,0,0,1,0,1,0,1,0,0,1,0,1,0,1,0,0,0,1,1,0,0,0,0,1,1,0,1,1,0,0,0,0,0,0,0,0
C>A,GCG,0,0,0,1,0,0,1,0,1,1,1,0,1,1,0,0,1,0,1,0,1,1,1,0,0,0,0,0,0,1,1,0,1,1,1,1,1,0,1,0,0,1,1,0,0,0,0,0,0,0,0,0,1,0,1,0,0,0,1,1,0,0,1,0,1,1,0,0,1,0,0,1,1,0,0,0,0,1,0,0,0,0,1,1,0,1,0,0,0,1,1,1,0,0,0,0,0,0,1,0,0,1,1,1,1,0,0,1,1,1,0,0,0,0,0,0,0,1,0,0,0,1,0,1,0,1,1,0,1,0,0,1,0,0,0,0,1,0,0,1,0,1,1,0,0,0,1,1,1,1,0,1,1,1,1,0,0,0,1,1,0,0,0,1,1,1,0,0,1,1,0,0,1,0,0,0,0,0,0,1,0,0,1,0,0,0,1,0,0,0,1,0,1,1,1,0,1,0,1,1,0,0,1,0,0,0,0,1,1,1,1,0,0,1,1,1,0,0,1,1,1,0,0,0,1,1,0,1,0,1,1,0,1,0,0,0,0,0,0,0,1,0,0,0,1,1,1,0,0,0,0,0,0,0,0,1,1,1,1,0,0,1,1,0,0,0,0,1,1,0,0,1,0,1,1,1,1,1,0,1,1,1,0,0,1,1,0,1,1,1,1,0,1,1,1,0,0,0,0,0,1,0,1,0,0,1,1,1,0,1,0,0,0,0,0,1,1,0,1,1,1,1,0,1,0,1,0,0,0,0,0,0,1,1,1,1,1,1,1,0,0,1,0,1,0,1,0,0,1,0,0,0,0,0,1,0,1,0,1,1,0,0,0,0,0,1,1,0,0,1,1,0,0,1,1,1,0,1,1,1,0,0,0,0,0
C>A,GCT,0,0,0,1,1,0,0,0,1,0,1,0,0,0,0,1,0,0,1,1,1,1,1,0,0,0,0,0,0,0,1,0,1,1,1,1,0,1,0,0,0,1,0,0,0,0,0,0,0,1,1,0,1,0,0,1,1,0,0,1,0,0,1,0,1,1,0,1,0,0,0,0,1,1,0,1,0,1,0,0,0,0,1,0,0,0,1,0,0,1,1,1,0,0,0,1,0,0,1,0,1,1,1,0,0,1,0,0,0,0,0,0,0,0,0,0,0,0,0,0,0,1,0,1,0,0,0,1,0,1,0,0,1,0,1,0,0,0,0,1,1,1,1,0,0,0,0,1,1,0,0,1,1,0,1,1,1,0,0,1,0,0,0,0,1,1,1,1,1,1,0,1,1,0,0,1,0,0,0,1,0,0,1,0,0,0,0,0,1,0,0,0,1,1,0,0,1,0,1,0,0,1,1,0,1,1,1,1,0,1,1,0,1,1,1,0,0,0,1,1,0,0,0,1,0,1,0,0,1,0,1,0,1,0,0,0,0,0,0,1,1,1,1,0,0,0,0,0,0,0,1,0,0,0,0,0,0,1,1,0,0,0,0,0,1,0,0,1,1,1,0,1,0,0,0,0,0,1,0,0,0,1,0,1,0,0,0,0,0,0,1,0,0,0,1,1,0,0,1,0,0,0,0,1,0,0,0,1,1,0,1,0,0,1,0,1,1,0,0,0,0,1,1,0,0,0,0,0,0,0,1,1,0,0,0,1,1,0,1,0,1,1,1,0,0,1,0,1,1,0,0,1,0,1,0,1,0,0,0,0,1,0,1,0,0,0,0,1,1,0,0,0,1,1,1,1,0,0,1,0,0,0,0,0,0
C>A,TCA,0,0,0,1,0,0,1,0,1,0,1,0,1,0,0,1,0,1,1,1,0,0,1,0,0,0,0,0,0,0,1,0,1,1,1,1,0,1,0,0,0,1,0,0,0,0,0,0,0,0,0,1,1,0,0,0,0,0,0,0,0,0,1,0,0,0,1,1,1,0,0,1,1,0,0,1,0,0,0,0,0,0,1,0,0,0,0,1,1,0,1,1,0,0,0,1,1,0,1,0,1,1,1,0,0,1,0,0,0,1,0,0,0,0,1,0,0,1,0,1,0,0,0,0,0,0,1,0,1,1,0,1,1,0,1,0,0,1,0,1,1,1,1,0,1,0,0,1,1,0,0,1,0,0,0,0,0,0,0,0,0,0,1,0,1,0,0,1,1,1,0,0,1,0,0,0,0,0,0,1,0,1,0,1,0,0,0,0,0,0,0,0,1,1,1,0,0,0,1,0,0,0,1,0,1,0,0,1,1,0,1,0,1,0,1,1,1,0,1,0,0,0,1,1,1,1,0,0,1,0,0,0,1,1,0,0,0,0,0,0,1,0,0,0,0,0,1,0,1,0,0,0,1,0,0,0,1,1,0,0,1,0,1,0,1,1,1,1,0,0,1,1,0,0,0,0,0,0,0,0,0,1,0,1,1,1,0,1,0,0,0,0,0,0,1,0,0,0,0,0,0,0,1,0,0,0,1,0,1,0,0,1,0,0,0,1,1,0,0,0,0,1,0,1,0,0,0,0,0,1,1,0,0,1,1,0,1,0,1,0,1,1,0,0,0,1,1,0,0,0,0,1,0,1,0,1,0,1,1,1,1,1,0,0,0,1,0,1,1,0,1,0,0,1,1,1,1,1,0,0,1,0,0,0,0
C>A,TCC,0,0,0,0,1,0,0,0,0,1,0,1,0,1,1,0,0,0,1,1,1,0,1,0,0,1,0,0,0,0,1,1,1,0,1,1,1,1,0,0,0,1,0,0,0,1,0,0,0,1,1,1,1,1,0,0,1,0,0,1,0,0,1,0,1,1,0,1,1,0,0,0,1,0,0,1,1,0,0,0,0,1,1,0,0,0,0,1,0,0,1,1,0,1,1,1,0,0,1,0,0,1,0,1,0,0,0,0,0,0,0,0,0,1,1,1,1,1,0,0,0,0,0,1,1,0,0,0,0,1,1,1,1,1,0,0,1,1,0,1,1,1,1,1,1,0,1,1,1,0,1,1,0,0,1,0,1,0,0,1,0,0,1,1,1,1,1,0,1,0,0,1,0,0,0,1,1,0,0,1,0,0,0,1,0,0,1,0,0,0,0,1,1,1,1,1,1,1,1,1,1,1,1,0,0,1,0,1,1,1,1,1,1,1,1,0,1,0,0,0,0,0,0,1,0,1,0,0,1,1,0,0,1,1,0,1,1,0,0,0,1,0,0,1,1,0,1,1,1,0,0,0,0,0,0,1,1,1,1,1,0,0,1,0,0,1,0,1,0,1,1,1,0,1,0,0,1,0,0,0,0,1,1,0,0,1,0,1,0,0,0,0,1,0,1,1,0,0,1,1,0,1,1,0,0,1,1,1,1,0,1,0,1,0,0,1,1,1,1,1,0,0,0,0,0,0,1,1,1,0,1,0,0,0,0,1,1,0,1,0,0,1,0,1,0,1,1,1,1,0,0,1,1,1,1,1,0,1,0,0,1,1,1,1,0,0,0,1,1,0,0,1,1,1,1,1,1,0,0,0,0,0,0,0,1
C>A,TCG,0,0,1,1,0,0,1,0,1,0,1,1,0,0,0,0,1,0,1,1,1,0,0,0,1,1,0,0,1,0,0,0,0,1,1,1,0,0,0,0,0,1,0,1,1,0,0,0,0,0,1,1,1,0,0,0,0,0,0,1,0,0,1,0,1,0,0,1,1,0,0,0,0,1,0,0,0,1,0,0,0,0,1,1,0,0,0,0,0,1,0,1,1,0,0,0,0,0,1,0,0,0,1,0,0,0,0,0,0,1,1,1,0,0,1,0,1,1,0,0,0,0,0,1,0,1,0,0,1,0,0,1,0,1,1,1,0,0,1,1,1,1,1,0,0,0,0,1,0,1,1,0,0,0,0,1,1,0,0,1,0,1,0,0,1,1,1,0,0,0,0,1,0,0,0,0,1,1,0,0,1,0,0,0,0,0,0,0,0,0,0,1,0,0,1,0,0,1,1,1,0,0,0,0,1,0,0,0,1,0,0,0,1,0,0,1,0,0,1,0,0,0,0,1,0,1,1,0,0,1,1,1,1,1,0,0,0,0,0,0,1,0,0,0,1,0,0,1,0,1,1,0,0,0,0,0,1,1,1,1,0,1,0,0,1,1,0,0,0,1,1,1,0,0,0,0,0,1,0,1,0,0,0,0,0,0,1,1,0,1,1,0,0,0,1,1,0,0,0,0,0,0,0,0,1,1,0,0,1,0,0,0,0,0,0,0,1,0,1,0,0,0,0,0,1,0,1,0,1,1,0,0,0,0,1,0,0,1,1,0,1,0,0,0,0,0,0,0,0,0,1,1,0,1,1,0,1,0,0,0,0,0,1,0,0,1,1,1,0,0,1,0,1,1,0,1,1,1,0,0,1,0,0,0,0
C>A,TCT,0,1,0,1,0,0,1,0,1,0,0,1,1,1,0,0,0,1,1,1,1,0,1,0,0,0,0,0,0,1,1,1,1,0,0,1,0,0,0,0,0,1,0,0,0,0,0,0,0,1,0,1,0,0,0,0,1,0,0,1,0,0,1,0,1,0,1,0,1,0,0,1,0,0,0,1,0,0,1,0,1,1,1,0,1,1,0,0,0,0,1,1,1,0,0,1,1,1,0,0,1,1,1,0,1,0,0,1,0,0,0,0,0,0,1,0,0,1,1,0,1,1,0,0,0,0,1,0,0,1,1,0,1,0,1,0,0,0,0,1,1,1,1,1,0,1,0,1,1,0,1,1,1,0,0,0,0,1,0,0,1,0,0,0,0,1,1,1,1,1,0,1,1,0,0,1,0,0,0,1,0,0,0,0,0,0,1,0,0,1,0,1,1,1,1,1,1,0,1,1,1,1,1,0,1,0,0,1,0,1,1,1,1,1,1,1,1,0,1,0,1,0,0,1,0,1,1,0,1,0,0,0,1,1,0,0,0,0,0,0,1,1,0,1,1,0,0,0,1,0,0,0,1,0,1,1,0,1,0,1,1,0,1,1,0,1,0,1,1,0,0,0,1,0,0,0,0,1,0,0,0,1,1,1,0,1,1,0,1,1,0,0,0,0,1,0,0,0,0,1,0,0,0,0,0,1,1,1,1,0,1,1,0,0,0,1,1,1,1,1,0,0,0,1,0,0,1,0,0,1,0,1,0,1,1,0,1,0,1,0,1,1,1,0,0,1,0,0,1,0,0,1,0,0,0,1,0,1,1,0,0,0,1,0,0,0,0,1,0,0,0,1,0,1,1,1,1,1,1,1,0,0,0,0,1
C>G,ACA,0,0,0,0,1,0,0,0,1,1,1,1,0,0,1,0,0,0,0,0,1,0,0,0,0,0,0,0,0,0,0,0,1,0,0,1,0,0,0,0,0,1,1,0,0,1,0,0,0,1,1,0,1,0,0,0,0,0,1,0,0,0,0,0,0,1,0,0,1,0,0,0,0,0,0,1,0,1,0,0,0,0,1,0,0,0,1,0,0,1,0,1,0,0,1,1,0,0,0,0,0,0,1,0,0,0,0,0,0,0,1,0,0,0,1,1,0,0,1,0,0,1,0,0,0,1,0,0,0,0,0,0,1,0,0,1,1,0,0,1,1,0,1,0,1,0,0,1,0,0,0,0,0,0,1,0,1,1,0,0,0,0,1,0,1,0,0,1,0,0,0,0,1,0,1,1,0,1,0,1,1,0,1,0,0,0,0,0,0,0,0,0,1,0,1,1,1,0,1,0,0,1,1,0,0,1,0,0,0,0,1,1,1,1,1,0,0,0,1,1,1,0,1,0,0,1,0,0,0,1,0,0,1,0,0,1,0,0,1,0,0,1,0,1,0,0,1,0,0,0,1,0,0,0,1,1,0,1,0,0,0,1,1,0,0,1,1,1,0,0,1,1,1,0,0,0,1,1,0,0,0,1,0,1,0,1,0,1,0,0,0,0,0,1,0,0,0,0,0,0,0,1,1,0,0,0,0,0,0,0,1,0,0,0,0,0,0,0,0,0,0,1,1,0,0,0,0,1,0,1,0,1,0,0,0,0,1,0,1,0,0,0,0,1,1,1,1,0,1,0,0,1,1,0,0,1,0,0,1,0,0,0,1,0,0,0,0,1,1,0,0,0,1,0,1,0,0,1,1,0,0,0,0,0,0
C>G,ACC,0,1,1,1,1,0,0,0,0,0,1,1,0,0,0,0,0,0,1,0,0,0,1,0,0,1,0,0,0,0,0,1,1,0,1,1,0,1,0,0,0,1,1,1,0,1,0,0,1,0,1,0,1,0,1,0,1,0,0,1,0,0,1,0,1,1,0,1,1,0,0,0,1,0,0,1,1,1,0,0,1,0,1,0,0,0,1,0,1,0,1,1,1,0,0,1,1,0,0,0,0,1,1,0,0,1,0,0,0,0,1,0,0,1,1,0,0,1,0,1,1,0,0,1,1,1,0,0,1,1,1,1,1,0,0,0,1,1,0,1,1,1,1,1,1,0,1,0,1,0,0,1,0,0,0,0,1,1,0,1,0,0,0,0,1,1,1,1,1,1,1,0,1,0,1,1,1,1,0,1,0,0,0,1,0,0,0,0,0,0,0,0,1,1,1,1,1,1,1,1,1,1,0,0,1,0,0,0,0,0,1,0,1,1,1,1,1,0,1,1,1,0,1,1,0,1,0,0,1,0,1,1,0,0,0,1,1,0,1,0,1,1,1,0,0,0,0,1,0,0,1,0,1,1,1,1,0,1,1,0,1,0,0,0,0,1,0,0,0,0,0,0,0,1,1,1,1,1,0,1,0,0,0,1,1,1,1,0,1,1,0,0,1,1,1,0,0,0,0,1,1,0,1,1,0,1,1,1,1,0,0,1,1,0,0,1,1,0,1,0,0,1,1,0,0,0,0,1,0,1,1,1,1,0,0,0,1,0,1,0,1,1,1,1,1,1,0,1,0,0,0,1,1,0,1,1,0,1,1,0,0,0,1,1,0,0,1,1,0,0,1,1,1,1,0,1,1,1,0,0,0,0,0,1,0
C>G,ACG,0,1,1,1,0,0,0,0,1,1,0,0,0,1,0,0,0,0,0,1,1,0,1,0,1,1,1,0,0,0,1,0,0,0,1,1,1,1,0,0,0,1,0,0,0,1,0,0,0,0,1,1,1,0,0,0,0,0,0,1,1,0,0,0,1,1,0,0,1,0,0,1,1,1,0,1,1,1,0,0,1,0,1,0,0,0,0,0,1,0,0,1,0,0,0,1,0,0,1,0,0,0,1,1,0,1,0,0,0,0,1,0,0,0,1,0,1,1,1,0,0,0,0,0,0,1,1,0,0,1,0,0,1,1,0,0,1,1,0,1,0,0,1,1,1,0,1,1,1,0,1,1,0,1,0,0,1,0,1,1,0,0,0,0,0,0,0,1,1,1,0,0,0,1,0,0,0,1,0,1,1,0,1,0,0,0,1,0,0,0,0,1,0,1,0,0,1,1,0,0,0,0,1,0,0,0,0,1,0,0,1,0,0,1,1,0,1,1,1,1,0,0,0,0,1,1,0,0,1,1,0,0,0,0,0,0,1,0,0,0,1,0,1,0,0,0,1,0,1,0,0,1,0,0,1,1,0,1,1,1,0,0,0,0,0,1,0,0,1,1,1,1,0,1,1,1,0,0,0,1,0,1,0,1,0,0,1,1,0,1,1,1,1,1,1,1,1,0,1,0,1,0,1,0,0,1,1,1,1,0,1,0,0,0,0,1,0,1,1,0,0,1,1,0,0,0,1,1,1,0,0,1,1,0,0,0,0,1,1,0,1,1,1,0,0,0,0,1,1,0,0,1,1,0,0,1,0,0,1,1,1,0,1,0,0,0,0,1,1,0,1,1,1,1,1,1,0,0,1,1,0,0,0,1,0
C>G,ACT,0,0,0,1,0,0,0,0,1,0,1,0,1,1,1,0,0,1,0,0,1,0,0,0,0,1,0,0,0,0,1,0,0,0,0,1,0,1,0,0,0,1,0,0,0,0,0,0,1,0,1,0,1,0,1,0,0,0,0,0,0,0,0,0,1,1,0,1,1,0,0,1,1,1,0,0,1,1,1,0,0,1,1,0,0,0,0,0,0,0,0,0,0,0,0,1,0,0,0,0,0,1,0,0,0,1,0,0,0,1,1,0,0,0,0,1,0,0,0,0,1,0,0,1,0,0,0,0,1,0,0,1,1,0,1,1,1,0,0,1,1,1,1,1,1,0,0,1,0,1,0,0,0,0,1,0,0,0,0,1,0,0,0,0,1,0,0,1,1,0,1,0,0,0,1,1,0,0,0,1,0,0,1,0,0,0,0,0,0,0,0,1,1,1,1,0,0,0,0,0,0,0,1,0,0,0,0,0,0,0,1,0,1,1,0,0,1,0,0,0,0,0,0,0,1,1,0,0,1,1,0,0,0,1,0,0,0,0,0,0,0,0,0,0,0,0,1,0,0,0,0,0,0,0,0,1,1,0,1,0,1,0,1,0,0,0,0,0,0,0,0,0,0,0,0,0,0,0,0,0,0,0,0,0,0,0,0,0,0,0,0,0,0,1,1,0,0,0,1,0,0,1,1,0,0,0,1,0,1,0,1,1,0,0,0,0,1,0,0,0,0,0,1,1,1,0,1,1,0,1,0,1,0,0,0,0,1,0,1,0,0,0,0,0,0,0,0,0,0,0,1,1,1,1,0,1,0,0,0,0,0,0,0,0,0,0,0,1,1,0,0,1,0,0,0,0,0,1,0,0,0,0,0,0,0
C>G,CCA,0,0,1,1,0,0,0,0,0,1,1,0,1,1,1,0,1,0,1,1,0,0,0,0,0,1,0,0,0,0,0,0,1,1,1,1,1,0,0,0,0,0,0,0,1,0,0,0,0,0,1,1,0,1,0,0,0,0,1,0,0,0,1,1,0,1,1,1,1,0,0,1,1,1,0,0,1,1,0,0,0,1,1,1,0,0,0,0,1,0,1,1,1,1,0,1,0,0,1,0,0,1,0,1,0,1,0,1,1,1,1,1,0,0,1,1,0,1,1,0,1,1,0,1,0,1,1,0,1,0,0,1,1,1,1,0,1,0,0,1,1,1,1,1,1,0,1,0,1,0,0,0,1,1,1,0,1,0,1,0,1,0,1,1,1,0,1,1,1,1,1,0,0,1,1,0,1,0,0,1,0,0,1,0,0,1,1,1,1,0,0,1,1,1,1,0,0,1,1,1,1,1,1,0,1,0,1,1,1,0,1,0,1,0,0,0,1,0,1,1,0,0,0,1,0,1,0,1,1,1,0,1,1,1,1,1,0,0,0,0,1,1,0,0,1,1,0,1,0,0,0,1,0,0,1,1,1,1,1,0,1,1,1,0,0,1,0,1,1,1,1,0,0,0,1,0,1,1,0,1,0,1,0,1,0,0,0,1,1,1,0,1,0,1,1,0,0,0,1,1,1,1,1,0,0,1,1,1,1,0,1,0,0,1,0,1,1,0,1,0,0,1,1,0,0,1,0,1,1,0,1,1,1,0,1,0,0,0,1,0,0,0,1,1,1,0,1,1,1,0,1,1,1,0,0,1,0,1,1,1,1,0,1,0,0,1,1,1,1,0,1,1,1,1,1,1,0,1,0,1,1,0,1,1,0
C>G,CCC,0,0,0,1,0,0,0,0,1,0,1,0,1,0,0,0,0,0,0,0,0,0,0,0,0,0,0,0,0,1,0,0,0,1,1,1,0,0,0,0,0,0,0,0,0,0,0,0,0,0,0,0,1,0,0,0,1,0,0,0,0,0,1,1,1,1,0,0,0,0,0,0,1,0,0,1,0,1,0,0,1,0,1,0,0,0,1,0,0,0,1,1,0,0,0,0,1,0,0,0,0,0,0,1,0,1,0,0,0,0,1,0,0,1,1,1,0,1,0,0,0,0,0,0,0,0,1,0,1,0,1,0,1,0,0,0,0,0,0,0,1,0,1,0,1,0,0,1,1,0,0,0,0,0,1,1,1,0,0,0,0,0,0,1,1,0,0,0,1,0,1,1,0,0,1,0,0,1,0,1,0,0,0,0,0,0,0,0,0,0,0,0,0,0,0,1,1,0,0,0,0,1,0,0,0,0,0,0,1,0,1,0,1,0,0,0,0,0,1,0,0,0,0,0,1,1,0,0,0,0,1,0,0,0,0,0,0,0,0,0,1,0,0,0,0,0,1,0,0,0,0,0,0,0,0,1,1,1,1,0,0,1,0,0,0,0,0,1,0,0,0,1,0,0,0,0,0,1,0,0,1,1,0,1,0,0,0,0,0,1,0,0,0,1,1,0,0,0,0,0,1,0,1,0,0,0,0,1,1,0,1,1,1,1,0,0,0,0,0,0,0,1,0,1,0,0,1,1,0,0,0,1,0,0,0,1,0,0,1,0,0,0,1,1,0,1,1,0,1,0,0,1,0,0,0,0,1,0,1,0,1,0,1,1,0,0,0,1,0,0,0,1,0,0,0,1,1,0,0,0,0,0,0,0,0
C>G,CCG,0,0,1,1,1,1,0,1,0,0,0,1,1,1,0,0,0,0,1,0,0,0,1,0,0,0,0,1,0,0,0,0,0,0,1,1,0,1,0,0,0,1,1,0,0,0,0,0,1,0,0,0,1,0,0,0,0,0,0,1,0,0,1,0,0,1,0,1,1,0,0,0,0,0,0,0,0,0,0,0,0,0,0,0,0,1,0,0,0,1,1,1,1,1,0,0,0,0,0,0,1,1,1,0,0,0,0,1,0,1,1,0,0,1,1,1,1,1,1,0,1,1,0,0,0,0,1,0,0,1,0,0,1,1,0,0,1,1,1,1,0,1,1,0,0,1,0,0,1,0,0,0,0,1,1,1,1,0,1,0,0,0,0,0,1,1,0,0,0,0,0,0,0,0,1,1,1,0,0,1,1,0,1,0,0,0,0,1,1,0,0,1,0,0,0,1,0,1,0,1,0,0,0,0,0,1,0,0,1,0,1,0,1,0,0,1,0,0,1,1,0,0,0,0,0,1,0,0,1,0,1,1,0,1,0,0,0,0,0,0,0,1,0,1,0,0,1,0,1,0,1,0,0,0,0,1,0,1,1,1,0,1,0,0,1,1,0,1,1,1,0,1,1,0,1,0,1,0,1,0,1,1,0,0,0,1,0,0,0,0,1,1,0,0,1,1,1,0,1,0,0,0,1,1,0,0,0,0,1,0,1,1,1,0,0,1,1,1,0,0,0,1,0,0,0,1,0,1,1,1,1,0,0,0,1,1,1,0,1,0,0,0,1,0,0,1,0,1,0,1,1,0,0,0,0,1,0,0,1,1,0,0,0,0,0,0,0,1,0,0,0,1,0,0,0,1,0,0,1,1,1,1,0,1,1
C>G,CCT,0,0,0,1,0,0,0,0,1,0,1,1,0,1,0,0,0,0,1,0,1,0,0,0,0,0,0,0,0,0,0,0,1,1,1,1,0,0,0,0,0,1,0,0,0,0,0,0,0,1,1,1,1,0,0,0,0,0,1,1,0,0,0,1,1,1,0,1,1,0,0,1,1,0,0,0,0,0,0,0,0,0,1,0,0,0,1,0,0,1,0,1,0,1,1,1,1,0,0,0,0,1,1,1,0,1,0,0,0,1,0,0,0,1,1,1,0,1,0,0,1,0,0,0,0,0,1,0,0,1,0,0,1,1,1,0,1,0,1,1,1,1,1,0,0,1,0,1,0,0,0,1,1,0,0,1,1,0,0,1,0,0,0,0,1,0,0,0,1,0,0,1,1,0,1,1,0,1,0,0,0,0,0,0,0,0,1,0,0,0,1,0,1,1,1,0,0,0,1,0,0,1,1,0,0,0,0,0,0,0,1,0,1,1,0,0,0,0,1,0,0,0,0,0,0,1,0,0,0,1,1,0,1,0,0,0,0,0,0,0,1,1,0,1,0,0,1,1,1,0,1,0,0,0,0,1,0,1,0,0,0,1,1,0,0,1,0,0,0,1,1,1,0,1,1,1,0,1,0,1,0,1,0,1,0,0,0,0,0,0,0,0,0,1,1,0,0,0,1,1,0,1,1,1,0,0,0,1,1,0,1,0,0,0,0,0,0,0,1,0,0,1,1,1,0,1,1,1,1,1,1,1,0,0,0,0,0,0,1,0,0,0,0,0,0,0,1,1,1,0,0,0,1,1,0,0,1,1,0,0,1,0,0,1,0,0,1,1,1,0,1,1,1,0,0,1,0,1,0,0,0,0,0,1,0
C>G,GCA,1,0,0,1,1,0,0,1,1,1,0,0,0,0,0,1,0,1,0,0,1,0,0,0,1,1,0,0,0,1,0,1,1,0,1,1,1,0,0,0,0,1,1,1,0,0,0,1,1,0,1,0,1,1,1,0,1,0,0,0,0,1,1,0,1,1,1,1,1,0,0,0,1,0,0,1,0,0,1,0,0,0,1,0,0,0,1,0,0,0,1,1,0,1,0,1,1,0,1,0,0,1,0,0,1,1,1,0,0,0,1,1,0,1,1,1,0,0,1,0,1,1,0,1,1,0,1,0,1,0,1,0,1,0,1,0,0,1,0,1,1,1,1,1,1,0,0,0,1,0,0,1,0,0,1,0,1,0,0,1,0,0,1,0,1,1,1,1,1,0,1,1,1,0,1,0,0,0,0,1,0,0,0,0,0,0,0,0,1,0,0,0,0,1,1,1,1,1,0,0,0,1,0,1,1,0,1,0,1,0,1,1,1,1,1,0,1,0,1,1,0,0,0,0,0,1,1,0,1,1,1,0,1,0,1,1,0,0,0,0,1,1,0,0,1,0,0,1,0,0,0,1,0,0,1,1,0,1,1,0,0,1,1,0,0,0,1,0,1,1,1,1,1,1,0,0,1,0,0,0,0,1,1,0,0,1,1,0,1,1,0,1,1,0,1,1,1,0,1,1,0,0,1,0,0,0,1,1,0,0,1,1,1,0,1,1,0,0,1,0,0,1,0,1,0,1,1,1,0,1,0,1,0,1,0,0,1,1,1,0,1,0,1,1,1,0,0,1,0,0,1,1,1,0,0,1,0,1,0,1,0,0,1,0,0,0,0,1,1,0,1,0,1,1,0,1,1,0,0,1,1,0,1,0,0
C>G,GCC,1,0,0,1,1,0,1,0,1,1,1,1,1,1,0,0,0,0,0,1,1,0,0,0,1,1,0,0,1,1,0,1,0,0,1,1,1,1,0,0,0,1,0,0,0,1,0,0,0,1,1,0,1,0,1,0,0,0,1,0,1,0,1,0,1,1,0,1,1,0,0,1,0,1,1,1,1,1,0,0,1,0,1,1,0,1,0,0,1,1,1,1,0,1,0,1,1,0,1,0,0,1,0,0,0,1,0,1,0,1,1,0,0,0,1,0,0,1,0,1,1,1,0,1,0,1,0,0,1,0,0,0,1,1,0,1,0,0,0,0,1,1,1,1,0,1,1,1,1,1,1,1,1,1,1,1,1,1,1,1,1,1,0,1,1,1,0,0,1,1,0,0,1,0,1,0,0,0,0,1,0,1,0,1,1,0,0,0,0,1,0,0,0,1,1,1,1,0,0,1,0,0,1,0,0,0,0,0,0,0,1,1,1,0,1,1,1,0,1,1,0,0,0,0,0,1,0,0,1,0,1,0,1,0,1,1,0,0,0,0,1,0,0,0,1,0,1,0,1,1,0,0,0,1,0,1,1,1,1,0,0,1,1,0,0,1,1,1,0,0,0,1,1,0,0,0,1,1,0,1,0,1,0,1,1,1,0,0,1,0,0,1,0,0,1,1,0,0,1,0,0,1,1,0,0,1,1,1,1,0,0,1,1,0,0,1,1,1,1,0,0,1,1,1,1,1,1,1,0,0,0,0,0,0,0,0,1,1,1,0,0,1,0,0,1,1,1,1,0,1,0,0,1,0,0,1,1,1,0,1,1,0,1,1,0,0,1,1,1,0,1,0,1,1,0,1,1,0,0,1,1,0,1,0,0
C>G,GCG,0,0,0,1,1,0,0,0,1,0,1,0,0,0,0,0,0,0,0,0,0,0,0,0,0,1,0,0,0,0,0,0,0,0,1,1,0,0,0,0,0,1,0,0,0,0,0,0,1,0,1,1,1,0,1,0,1,0,1,1,0,0,1,0,0,1,1,1,0,0,0,1,1,0,0,1,1,0,0,0,0,0,1,1,0,0,0,0,0,0,0,0,0,0,0,1,1,0,0,0,0,0,0,0,0,1,0,0,0,1,1,0,0,0,1,1,0,1,0,0,1,0,0,0,0,1,0,0,0,1,0,0,1,0,0,0,1,0,0,0,1,1,1,1,1,0,0,0,1,0,1,1,1,1,0,1,1,0,0,1,1,0,1,0,0,0,0,0,1,0,0,1,0,0,1,0,0,0,0,1,0,0,0,0,0,0,0,0,0,0,0,0,0,0,0,0,0,0,0,0,0,0,0,0,0,0,0,1,0,0,1,0,0,0,0,0,1,0,1,0,0,0,0,0,0,1,0,0,0,1,0,0,0,0,1,0,0,0,0,0,1,0,0,1,0,0,1,1,1,1,0,0,0,0,1,1,0,0,0,1,0,1,1,0,0,1,0,1,0,1,0,0,0,0,0,0,1,0,0,0,1,1,0,0,0,0,0,0,0,1,1,0,0,0,0,0,1,0,1,1,0,0,0,0,0,0,1,0,0,0,0,1,1,0,0,1,0,0,1,0,0,0,1,0,1,0,0,1,1,0,1,0,0,0,0,0,0,0,1,0,0,1,0,1,0,1,0,1,1,1,1,0,0,0,1,0,1,0,1,1,1,1,1,0,0,0,1,1,1,0,1,0,1,1,0,1,1,0,0,0,0,0,0,1,1
C>G,GCT,0,0,0,1,1,0,0,1,0,0,1,1,1,0,1,0,0,0,0,0,0,0,0,0,0,0,0,0,0,0,0,0,1,0,1,1,0,1,0,0,0,1,0,0,0,0,0,0,0,0,0,0,1,0,0,0,0,0,0,1,0,0,0,0,0,1,0,0,1,0,0,0,0,1,0,1,0,1,0,0,0,0,1,0,0,0,0,0,0,1,0,1,0,1,0,1,0,0,0,0,1,1,1,0,0,0,0,1,0,1,1,1,0,0,1,1,0,0,0,0,0,0,0,1,0,1,0,0,0,0,0,0,1,0,1,0,0,1,0,1,0,1,1,1,0,0,0,1,0,0,0,0,1,0,1,0,1,0,0,1,0,0,0,0,1,1,0,0,1,0,1,0,1,0,1,0,0,0,0,1,0,0,0,0,0,0,0,0,1,1,0,1,1,1,1,0,0,0,1,0,0,0,0,0,0,0,0,0,1,0,0,0,1,0,1,0,1,0,1,0,0,0,0,1,0,1,0,0,1,1,0,0,0,0,0,1,0,0,0,0,1,0,0,0,0,0,0,1,0,0,0,0,0,0,0,1,0,0,1,0,0,0,1,0,0,1,0,1,0,1,1,0,0,0,0,0,1,1,0,0,0,1,0,1,0,0,0,1,0,0,0,1,0,0,0,1,0,0,0,1,1,1,1,0,0,1,0,1,1,0,1,0,0,0,0,1,0,0,0,0,0,1,1,0,0,0,1,1,0,1,0,1,0,0,0,0,1,0,1,0,0,0,0,0,0,1,0,1,0,1,0,0,1,0,1,1,0,0,0,0,0,0,0,1,0,1,1,1,0,0,1,0,0,0,1,1,0,0,0,0,0,0,0,0,0
C>G,TCA,0,0,0,1,1,0,0,0,1,1,1,1,1,0,0,1,0,0,1,1,1,0,1,0,1,0,0,0,0,0,0,1,0,0,1,0,0,1,0,0,0,1,0,0,0,0,0,0,1,1,1,0,0,0,0,0,1,0,1,1,0,0,1,0,1,1,0,1,1,0,0,1,1,1,0,1,0,1,0,0,0,0,1,0,0,0,1,0,0,1,0,1,0,0,0,1,0,0,0,0,0,0,1,0,0,0,1,0,0,1,1,0,0,0,1,1,0,1,0,0,1,0,0,0,0,0,0,0,1,1,0,1,1,0,0,0,1,0,0,1,1,1,1,1,0,0,0,1,1,0,0,1,1,0,1,1,1,0,0,0,1,0,1,0,1,0,0,0,0,0,0,0,0,0,1,0,1,0,0,1,0,1,0,0,0,0,0,0,0,0,0,0,0,0,1,0,1,1,1,0,0,1,0,0,1,1,0,0,1,1,1,0,1,0,0,0,1,0,1,0,1,0,0,1,1,1,0,0,0,1,1,0,1,1,1,1,1,0,0,1,1,1,0,0,0,0,0,0,1,1,1,0,0,0,0,1,0,1,1,1,1,1,1,0,1,1,0,0,0,1,1,1,0,0,1,0,0,1,0,0,0,1,1,1,0,1,0,0,0,0,1,1,1,0,1,0,0,0,1,1,1,1,1,0,0,0,0,1,1,0,0,0,0,0,0,1,1,0,1,1,0,1,1,0,0,0,1,0,0,1,1,1,0,0,1,0,0,0,1,0,1,0,0,0,0,1,0,0,0,0,1,1,0,0,0,1,1,0,1,0,1,0,1,1,0,0,1,1,1,0,1,1,0,0,1,1,1,1,0,1,0,0,1,1,0
C>G,TCC,0,0,1,0,0,1,0,1,1,1,1,1,1,0,0,0,0,0,0,0,1,0,0,0,0,0,0,0,0,0,1,0,1,1,0,1,0,1,0,0,0,1,1,0,0,0,0,0,1,0,0,1,0,0,0,0,0,1,0,1,0,1,0,0,1,1,1,1,1,0,0,0,1,0,0,1,0,1,0,0,0,1,1,0,0,1,0,0,0,1,1,1,0,1,1,1,0,0,0,0,0,1,0,0,0,1,1,0,0,1,0,0,0,0,1,0,0,1,1,0,1,0,0,1,0,1,1,0,0,1,1,1,1,1,0,0,1,0,0,1,0,0,1,1,1,0,1,1,1,0,1,1,0,0,0,0,1,1,0,0,0,0,0,1,1,1,0,1,0,0,1,0,1,0,1,0,1,0,0,1,1,0,1,0,0,0,0,0,0,0,0,1,1,0,0,1,1,0,1,0,1,1,1,0,0,0,0,0,0,0,1,1,1,1,0,1,1,0,1,0,0,0,0,1,0,1,0,0,1,1,0,0,1,1,0,1,0,0,0,1,1,0,0,1,1,0,0,1,1,0,0,1,0,0,1,1,0,1,1,0,0,1,1,0,0,1,1,1,0,1,1,1,1,1,0,0,1,0,0,0,0,1,0,1,1,1,0,0,0,0,1,1,0,0,1,0,0,0,0,1,0,0,1,0,0,1,1,1,1,0,1,0,1,0,0,1,0,0,0,1,1,1,1,0,1,0,1,1,0,1,0,1,0,0,0,0,0,0,1,0,1,0,0,0,0,1,1,1,1,0,0,0,0,1,0,1,0,1,1,0,0,1,0,1,0,0,0,1,1,0,0,0,1,0,1,1,0,1,0,1,0,0,0,1,0
C>G,TCG,0,1,0,1,1,1,0,0,0,0,1,0,1,1,1,0,1,1,0,0,1,0,1,0,0,1,0,0,0,0,1,0,0,0,1,0,0,1,0,0,0,0,0,0,0,1,0,0,1,0,1,0,0,0,0,0,0,1,1,1,0,0,0,0,1,0,0,0,1,0,0,1,0,0,0,0,0,0,0,0,0,0,1,0,0,0,0,1,0,0,0,1,0,0,1,1,0,0,1,0,0,1,0,1,0,0,0,1,0,1,0,1,0,0,1,1,0,1,0,0,0,1,0,0,0,0,0,0,0,0,1,0,1,0,0,1,1,0,1,1,0,0,1,1,0,0,1,1,0,1,1,1,1,1,1,0,1,0,1,0,0,0,1,0,1,0,0,0,1,0,0,0,0,1,0,0,1,0,0,1,1,0,1,1,0,0,0,1,0,0,0,0,1,1,1,1,0,1,1,0,0,1,0,0,1,0,0,0,0,0,0,0,1,1,0,0,0,0,1,0,1,0,1,0,0,1,0,0,0,1,1,0,0,0,1,0,0,0,0,1,1,0,0,0,0,0,1,0,0,0,0,0,0,0,0,1,0,1,0,1,0,0,0,1,0,0,0,0,0,0,1,0,1,0,1,0,0,0,0,0,0,1,0,0,0,1,0,0,0,0,0,0,0,0,0,0,0,0,1,0,0,1,1,0,0,0,1,0,1,0,0,0,0,0,0,1,0,0,1,0,0,1,1,0,0,1,1,1,1,0,0,0,0,0,1,0,1,0,0,1,0,0,0,0,0,1,0,0,1,0,1,0,0,0,0,1,1,1,1,0,0,0,1,0,0,0,1,0,1,1,1,0,0,0,1,1,1,1,0,0,1,0,0,0,0
C>G,TCT,0,0,0,0,0,0,0,0,1,1,0,0,1,1,0,0,0,1,0,0,1,0,1,0,0,0,0,0,0,0,1,0,1,0,0,0,1,0,0,0,0,1,1,0,0,0,0,0,1,0,0,0,1,1,0,0,0,0,1,1,0,0,1,0,1,1,0,1,1,0,0,1,1,1,0,1,1,1,0,0,0,0,1,0,0,1,0,0,0,0,0,1,1,0,0,1,1,0,0,0,1,1,1,0,0,0,0,1,0,1,0,1,0,0,1,0,0,0,0,0,1,1,0,1,0,1,0,0,0,1,1,0,1,1,0,0,1,0,0,1,1,1,1,1,0,1,0,1,0,1,0,1,1,1,0,0,1,0,0,1,0,0,1,1,1,1,0,0,1,0,0,0,0,0,1,0,1,0,0,1,0,0,0,1,1,0,0,0,0,0,0,1,1,0,1,1,1,0,1,0,1,0,0,0,0,1,0,0,0,0,0,0,1,1,0,0,1,0,1,0,0,0,0,0,1,1,0,0,1,0,0,0,0,1,0,1,0,0,0,1,1,1,0,0,1,0,1,0,0,0,1,0,0,0,1,1,0,1,1,0,0,1,0,0,0,1,0,1,0,1,1,1,1,1,1,0,1,1,0,1,1,1,0,1,1,1,0,0,0,0,1,0,1,0,1,0,0,0,1,0,1,0,1,0,1,0,1,1,1,0,1,0,1,0,0,1,0,1,1,1,0,0,0,1,0,0,0,1,0,1,1,1,0,0,0,0,1,0,1,0,1,1,1,0,0,0,0,1,0,0,0,1,0,0,0,0,0,1,0,1,1,0,0,1,0,0,1,0,1,0,0,0,1,0,1,0,1,0,0,1,1,0,1,1,0
C>T,ACA,0,0,0,1,0,1,1,0,0,0,1,0,0,0,0,0,0,0,1,0,1,0,1,0,1,1,0,0,0,0,1,0,1,0,1,1,0,0,0,1,0,0,0,1,0,0,0,0,0,1,1,0,1,0,1,0,1,0,1,1,0,1,1,0,0,1,1,0,1,0,0,1,1,1,1,1,0,1,0,0,0,0,1,0,0,1,0,0,0,1,1,1,0,1,0,1,0,0,1,0,1,1,1,1,0,1,1,1,0,1,0,0,0,0,1,0,1,0,0,0,0,0,0,1,0,1,1,0,1,0,0,1,1,0,0,0,1,1,0,0,1,1,1,1,0,0,0,1,1,0,0,1,1,0,0,0,0,0,0,0,0,0,1,1,1,1,0,0,0,1,0,0,1,0,1,1,0,1,0,1,0,0,1,0,0,0,0,0,0,1,0,0,0,0,1,1,1,0,1,1,1,0,1,0,0,1,0,0,1,0,1,0,0,1,1,1,1,0,1,0,0,0,0,1,1,1,0,0,1,1,1,0,0,1,0,1,1,0,0,0,1,0,1,0,1,0,0,0,1,0,1,0,0,0,0,1,1,0,1,1,0,1,1,0,1,0,1,0,0,0,0,0,0,0,1,0,1,0,0,1,1,1,1,1,1,1,0,0,1,0,0,1,0,0,1,0,0,0,1,0,1,0,1,0,0,1,1,0,1,0,1,0,0,0,0,1,0,0,0,1,0,1,1,1,0,1,1,1,0,0,0,1,1,0,1,0,1,0,0,0,1,0,0,0,0,1,0,0,1,1,0,1,1,0,0,1,0,1,0,0,1,0,0,1,1,0,1,1,1,0,1,1,1,1,1,1,0,0,0,1,0,0,0,1,0
C>T,ACC,0,0,1,1,1,1,0,0,0,0,0,1,0,1,1,0,0,0,0,1,0,0,1,0,0,0,0,1,0,0,1,0,0,0,1,1,0,1,0,0,0,0,0,0,0,1,0,0,0,0,0,1,1,0,0,0,0,0,0,0,0,0,1,0,1,1,1,0,1,0,0,0,1,0,0,1,0,0,1,0,0,0,1,0,0,0,0,1,1,1,1,0,1,1,1,1,0,0,1,0,0,0,0,0,0,1,0,0,0,1,0,0,0,0,1,0,0,1,1,1,0,1,0,0,0,0,1,0,0,0,1,0,0,0,0,1,1,0,1,1,1,0,1,1,0,0,1,0,1,0,0,1,0,1,0,0,1,0,0,1,0,0,1,0,1,0,0,1,0,0,1,1,0,0,1,0,0,1,0,1,1,1,0,0,0,0,1,0,0,1,0,0,1,1,1,0,0,0,0,1,1,0,0,0,1,1,0,0,1,0,1,0,1,1,1,0,1,0,1,0,0,0,0,0,1,1,0,0,0,0,1,0,0,0,0,0,1,0,0,0,1,0,0,0,0,0,1,0,0,0,1,0,0,0,1,0,1,1,0,1,0,1,0,0,0,1,0,1,1,1,0,0,0,0,0,0,1,0,0,0,0,1,0,1,1,1,0,0,1,0,1,1,0,1,1,0,1,0,1,0,0,0,1,1,0,1,1,1,1,0,1,1,0,1,0,0,1,0,1,1,0,1,1,0,0,0,1,0,0,0,0,1,1,0,1,0,0,0,1,0,0,0,0,0,1,0,1,0,1,0,1,0,1,0,0,1,0,0,0,0,1,0,1,1,0,0,0,1,0,0,0,1,1,1,0,0,1,0,1,1,1,0,1,0,0
C>T,ACG,0,0,0,1,1,1,0,0,0,0,1,0,0,1,0,0,0,0,0,1,0,1,0,0,1,1,0,0,1,0,1,0,0,0,0,1,1,0,0,0,0,1,0,0,0,0,0,0,0,0,1,1,1,0,0,0,1,0,0,1,0,0,1,0,0,1,0,0,1,0,0,0,0,0,0,0,0,0,1,0,0,0,1,0,0,0,0,0,0,0,1,0,0,0,0,0,0,0,0,0,1,1,1,0,1,0,0,0,0,0,0,0,0,0,1,0,0,0,0,0,0,1,0,1,0,1,1,0,0,1,0,0,1,0,0,0,1,0,0,0,0,0,1,0,1,0,0,0,0,0,0,0,0,0,1,0,0,0,0,0,0,0,0,0,0,0,0,0,0,0,0,0,0,1,0,1,0,0,0,1,0,0,1,0,0,0,1,1,1,0,1,1,1,0,0,0,0,1,1,1,0,1,1,0,0,0,1,0,0,0,1,1,1,0,1,1,0,1,1,0,0,0,1,0,0,1,0,0,0,0,1,0,0,1,0,0,0,0,1,0,1,0,0,1,0,0,0,0,1,0,1,0,0,1,0,1,0,1,0,0,0,0,1,0,1,0,0,0,1,0,1,0,1,0,0,0,0,0,0,1,0,1,0,0,1,0,0,0,0,0,0,0,0,0,0,0,0,0,0,0,0,0,0,0,0,1,0,0,0,1,0,0,0,1,0,1,1,0,0,1,0,0,0,1,0,0,1,1,0,1,0,1,0,0,1,0,1,1,1,0,0,0,0,0,0,1,0,1,0,0,0,0,0,1,0,0,0,1,0,1,1,0,0,0,0,0,0,0,1,0,1,0,0,0,1,1,0,0,0,1,0,0,1,0,0
C>T,ACT,0,0,0,1,1,0,0,0,1,0,1,0,0,1,0,0,0,0,0,0,0,1,0,0,0,1,0,0,0,0,1,0,1,0,1,1,1,0,0,0,0,0,0,0,0,0,0,0,0,0,1,0,1,0,0,0,0,0,0,0,1,0,1,0,1,1,1,0,1,0,0,1,1,0,0,1,1,0,1,0,0,0,1,0,1,1,0,0,1,1,0,1,0,0,0,1,0,0,0,0,0,1,0,0,0,0,0,0,0,0,0,0,0,0,1,1,0,0,0,0,0,0,0,1,0,1,1,0,1,0,1,0,1,0,0,0,1,0,0,0,1,0,1,1,1,0,1,1,1,1,1,0,1,0,0,1,1,0,0,1,0,0,1,0,1,0,1,1,0,0,1,0,1,1,0,1,0,1,0,1,1,0,0,0,0,1,0,0,0,0,1,1,1,0,0,1,0,0,0,0,0,0,0,0,1,0,0,0,0,0,1,0,0,0,0,0,1,0,1,0,0,0,1,0,1,1,0,0,0,0,1,0,0,0,0,0,0,0,0,0,0,1,0,0,0,0,0,0,1,0,0,0,0,0,0,1,1,1,0,0,0,1,0,0,0,1,0,1,1,0,1,1,0,0,0,0,0,0,0,0,1,0,1,1,0,1,0,0,0,1,0,1,0,0,1,0,0,0,1,0,0,0,1,1,0,1,0,0,0,0,1,0,0,0,0,0,1,0,1,1,0,1,0,0,0,0,0,1,0,0,0,1,0,0,1,1,1,0,1,0,0,0,1,1,0,1,1,0,1,0,0,0,0,0,0,1,0,1,1,0,1,0,1,0,0,1,0,1,0,0,0,0,0,0,1,1,0,1,0,0,0,0,0,0,0
C>T,CCA,0,0,0,1,1,0,1,0,0,1,0,1,0,1,0,0,0,0,1,0,1,1,1,0,0,1,0,0,0,0,0,0,0,0,0,0,0,0,0,0,0,1,1,1,0,0,0,0,1,0,0,0,0,1,0,0,0,0,0,0,0,0,1,0,0,1,0,0,1,0,0,0,1,1,0,1,0,1,0,0,0,0,1,0,0,0,0,1,0,0,1,1,0,0,0,0,0,0,1,0,0,1,1,0,0,0,0,0,0,0,0,0,0,0,1,1,0,1,0,0,0,0,1,1,0,0,0,1,0,1,0,0,1,0,0,0,1,0,0,1,1,1,1,0,0,0,0,0,1,1,1,0,1,0,1,0,1,0,0,1,0,0,1,0,1,0,0,1,1,0,0,0,0,0,1,0,0,0,0,1,0,0,0,0,0,1,0,0,0,0,0,0,1,1,0,1,0,1,1,0,0,1,1,0,0,0,0,1,0,0,1,1,1,1,0,0,1,0,1,1,1,0,0,1,1,1,0,0,0,1,0,0,0,1,0,1,0,0,0,1,0,1,0,1,0,0,0,0,0,0,0,0,0,0,0,1,0,1,1,1,0,0,1,0,0,1,0,1,0,1,0,0,0,0,0,0,0,1,0,0,0,1,0,0,1,0,0,1,0,1,0,0,0,1,0,0,0,0,0,0,0,0,0,0,0,0,0,1,1,0,0,0,0,0,0,1,0,0,1,1,0,0,0,0,0,1,1,1,0,0,1,0,1,0,1,0,1,0,1,0,0,0,0,0,1,1,1,1,1,0,0,1,1,0,0,1,0,0,0,0,1,0,0,0,0,1,0,1,0,0,0,0,0,0,0,1,1,1,1,0,0,0,0,0,0
C>T,CCC,0,0,0,1,1,1,1,1,0,0,1,1,1,0,0,0,0,1,1,1,0,0,0,0,0,0,0,0,0,0,1,0,1,0,1,1,1,1,0,0,0,0,1,0,0,1,0,0,1,0,1,1,1,0,0,1,1,1,1,1,0,0,1,0,1,1,0,1,1,0,0,0,1,1,1,1,0,1,0,0,0,1,1,0,1,1,1,1,0,1,1,1,0,1,0,1,0,0,0,0,0,0,0,1,1,0,0,0,0,1,1,0,0,1,1,0,1,1,0,0,1,0,0,1,0,0,1,0,0,1,0,0,1,0,1,0,1,0,1,1,1,1,1,1,0,0,0,1,1,0,0,1,0,0,1,1,1,0,0,0,0,0,0,0,1,1,1,1,1,0,0,1,0,0,0,0,0,1,0,1,0,1,1,1,1,0,1,1,0,1,0,0,0,1,1,1,1,1,1,1,1,1,1,0,0,1,1,1,0,0,1,1,1,0,1,0,0,0,1,1,0,0,0,1,0,1,1,0,1,0,0,0,0,1,0,0,1,0,1,0,1,1,1,0,0,0,0,1,0,1,0,0,1,0,0,0,0,0,0,0,0,1,1,0,0,1,1,1,1,1,1,1,0,0,1,0,1,1,0,0,1,1,0,0,0,0,1,0,1,0,0,1,0,0,0,1,1,0,0,1,1,0,1,1,0,0,1,1,0,0,1,0,1,0,0,0,0,1,1,1,0,1,1,0,0,1,0,1,0,1,1,1,0,1,0,0,1,1,1,0,1,0,1,0,0,1,1,1,0,0,1,1,0,0,0,1,0,1,1,0,1,0,1,1,0,1,1,1,0,1,1,0,1,1,1,1,0,0,0,0,0,0,0,0,0
C>T,CCG,0,1,0,1,1,0,0,0,0,1,0,0,0,0,0,1,1,0,1,0,0,1,0,0,0,1,0,0,0,0,1,0,0,0,0,0,1,0,0,0,0,0,0,1,0,0,0,0,1,0,1,1,0,0,0,0,1,0,0,0,1,0,1,0,0,1,0,1,1,0,0,0,0,0,0,1,0,0,0,0,0,0,1,0,0,1,0,0,1,0,1,1,0,0,1,1,0,0,0,0,1,1,0,0,0,0,0,1,1,1,1,0,0,0,1,0,0,0,1,0,1,1,0,1,0,1,1,0,0,1,1,1,1,0,0,1,1,1,0,0,1,1,1,0,0,0,0,1,0,0,0,0,0,1,0,0,1,0,0,1,0,0,0,0,1,1,0,0,0,0,0,0,0,0,0,1,0,0,0,1,0,0,0,0,0,0,0,1,0,0,0,0,1,1,0,0,0,1,0,0,1,1,0,0,1,1,1,1,1,1,0,0,1,1,1,0,1,0,1,0,0,0,1,1,0,1,0,1,0,0,1,1,0,0,0,0,0,0,0,0,1,0,0,1,0,0,0,1,0,0,0,0,0,0,0,1,1,1,0,1,0,0,1,0,0,1,0,0,1,0,0,1,0,0,1,0,0,0,0,1,0,1,1,1,0,0,0,0,0,0,0,0,1,1,1,0,0,0,0,1,0,1,1,0,0,0,1,0,1,1,0,0,0,1,0,0,0,0,0,1,0,1,0,0,0,1,1,1,0,1,0,0,0,1,0,0,0,0,0,0,0,1,0,0,0,1,0,0,1,0,0,1,0,0,0,1,0,0,0,0,1,1,0,0,0,0,0,1,1,1,1,1,0,0,0,1,0,0,1,0,0,0,1,1,1
C>T,CCT,0,0,0,0,0,0,1,0,0,0,1,0,0,0,0,0,0,0,0,0,1,1,0,0,0,0,0,0,0,0,1,0,1,0,0,1,0,1,0,0,0,0,0,1,0,0,0,0,0,0,0,0,1,0,0,0,0,0,1,0,0,0,1,0,0,1,0,1,1,0,0,1,0,0,0,1,1,0,0,0,0,0,1,0,0,0,0,0,0,0,1,1,0,0,0,1,0,0,0,0,0,1,1,1,0,0,1,0,0,1,0,0,0,0,1,0,0,1,0,1,0,1,0,1,0,1,1,0,0,1,0,0,1,1,1,0,1,1,0,0,1,1,1,1,0,0,0,1,1,0,0,1,1,0,0,0,1,0,0,0,0,0,0,0,1,0,0,0,0,0,0,0,1,0,0,1,0,0,0,1,0,0,0,0,0,0,0,0,0,0,0,0,0,1,0,1,0,0,1,0,0,1,0,0,0,0,0,1,0,0,1,1,1,1,1,0,1,0,1,1,0,0,0,1,0,1,0,0,1,1,0,0,0,0,0,0,1,0,0,1,1,1,0,0,0,0,1,1,0,0,0,0,0,0,1,1,1,1,0,1,0,0,1,0,0,1,0,1,0,0,0,0,0,0,0,0,0,0,0,0,0,0,0,1,0,1,0,0,0,0,1,1,1,0,1,0,0,0,0,0,0,1,1,0,0,0,0,0,1,0,0,0,0,1,0,1,0,0,0,0,1,1,0,1,0,0,1,0,0,1,0,1,1,0,0,1,1,0,1,0,1,0,0,1,0,1,1,0,0,0,0,0,0,0,0,1,0,0,0,0,1,0,1,1,0,1,0,1,0,0,0,1,0,0,0,1,1,1,0,0,0,0,1,0,0
C>T,GCA,0,0,0,1,1,0,0,0,1,0,0,1,0,0,0,0,0,0,0,0,0,1,0,0,0,0,0,0,0,0,1,0,0,1,0,1,0,1,0,0,0,1,1,0,0,0,0,0,0,0,1,0,1,0,0,0,1,0,0,0,0,0,1,0,1,1,1,1,1,0,0,1,0,0,0,1,0,0,0,0,0,0,1,0,0,0,1,0,0,0,1,1,0,0,1,1,1,0,1,0,0,0,0,0,1,0,0,0,0,1,0,0,1,0,1,1,0,0,0,0,0,0,0,1,0,1,0,0,0,1,0,1,1,0,0,0,1,0,0,1,1,1,1,1,0,0,0,1,1,1,0,0,0,0,0,0,1,0,0,0,0,0,1,0,0,1,0,0,1,0,0,0,1,0,1,1,0,0,0,1,1,0,0,0,1,0,0,0,0,1,0,0,0,1,1,1,0,1,1,0,0,1,1,0,0,1,0,1,1,0,0,1,1,1,1,1,0,0,1,1,1,0,0,1,0,1,0,0,0,1,0,0,0,0,0,0,0,0,1,0,1,0,0,1,0,0,0,1,0,0,1,0,0,0,0,1,1,1,1,0,0,1,0,0,0,1,0,0,0,0,0,1,0,0,0,0,1,1,0,0,0,1,0,0,1,0,1,1,0,0,0,1,0,0,1,1,1,0,1,0,0,0,1,0,0,0,0,1,1,0,1,0,0,1,0,1,0,0,0,1,0,0,0,0,0,1,0,1,0,0,0,1,0,0,0,0,0,0,1,0,1,0,0,1,0,1,1,1,0,0,1,0,0,0,0,1,1,0,0,0,0,0,0,0,0,1,0,1,1,1,1,0,0,1,1,1,1,1,0,1,0,0,1,1,0
C>T,GCC,0,1,0,1,1,0,0,0,0,1,1,1,1,0,0,0,0,0,0,0,0,0,1,0,1,0,0,0,0,0,0,0,0,0,1,1,0,1,0,0,0,1,1,0,0,0,0,0,0,1,1,0,1,0,0,0,0,0,1,1,0,0,1,1,0,1,0,1,1,0,0,1,0,0,0,1,0,0,0,0,0,0,1,0,0,1,1,0,0,0,1,1,0,1,0,0,0,0,0,0,0,0,1,0,1,0,1,0,0,0,0,0,0,0,1,1,1,0,0,0,0,1,0,1,0,0,1,0,0,1,0,1,1,0,0,0,1,0,0,0,1,1,1,1,0,1,0,1,1,0,0,0,1,0,1,0,1,0,1,0,0,0,0,0,1,0,0,0,0,0,0,0,1,1,0,0,0,1,0,1,0,0,0,0,0,0,0,1,0,0,0,1,1,1,0,1,1,0,0,1,0,1,1,0,1,0,0,0,0,0,1,1,0,1,0,0,1,0,1,0,1,0,0,0,0,1,0,0,1,1,0,0,1,0,0,0,0,0,0,0,1,0,0,0,0,0,0,0,0,0,0,0,0,0,0,1,0,1,0,1,0,1,1,0,0,0,0,1,1,1,0,1,1,1,0,1,1,1,0,0,0,0,0,0,0,0,0,1,0,0,0,0,1,0,1,1,0,0,1,0,0,0,0,0,0,0,0,0,0,0,1,1,0,0,0,1,0,0,1,1,0,1,0,0,0,0,0,1,0,0,0,1,0,0,0,0,1,0,1,0,1,0,1,0,0,0,0,1,0,0,0,1,1,0,0,1,1,1,0,0,1,0,1,0,0,0,1,1,0,1,0,0,0,0,0,1,0,1,0,0,0,0,0,0,0
C>T,GCG,0,0,0,1,1,1,0,0,0,0,1,1,0,0,0,0,0,0,0,1,0,1,1,0,1,0,0,0,0,1,1,0,0,0,0,1,1,1,0,0,0,1,0,0,0,1,0,0,1,0,0,1,1,0,0,0,1,0,0,1,0,0,0,0,1,1,0,0,1,0,0,0,1,0,0,0,0,1,1,0,0,0,1,1,0,1,0,0,0,0,1,1,0,0,0,1,0,0,1,0,1,0,0,0,1,0,1,1,0,0,0,0,0,0,1,0,1,0,0,1,1,1,0,1,0,0,0,1,0,1,0,0,0,0,0,0,1,1,0,1,1,0,1,0,0,1,1,1,1,1,0,0,0,1,1,0,0,0,0,0,0,0,0,1,1,0,1,1,1,0,0,0,1,1,0,0,0,1,0,0,0,0,1,0,0,0,0,1,1,0,0,0,0,0,0,0,0,1,0,0,0,1,1,0,0,1,1,1,1,0,1,0,1,1,0,1,0,0,1,1,0,0,1,1,1,1,0,1,1,1,1,0,0,0,0,0,0,0,0,0,1,1,0,1,0,0,0,1,1,1,0,0,0,0,0,1,0,0,0,0,0,0,1,0,1,0,0,0,1,0,1,0,0,0,1,0,0,1,0,1,1,1,0,1,1,0,0,0,0,0,0,0,0,0,1,0,0,0,0,1,0,0,1,1,1,1,0,1,1,1,0,0,0,1,0,0,0,0,1,1,0,0,1,0,0,0,1,1,0,1,0,1,0,1,0,0,0,1,1,1,0,1,0,0,0,1,0,0,0,0,0,0,0,0,0,1,0,1,1,0,1,0,0,1,0,1,0,0,1,1,0,1,0,1,1,1,0,0,0,0,0,1,1,1,0
C>T,GCT,0,1,0,0,1,1,0,0,0,0,1,1,0,1,0,1,0,0,0,0,0,1,0,0,0,1,1,0,0,0,0,0,1,1,1,1,1,1,0,0,0,1,1,1,0,0,0,0,0,0,1,1,1,0,1,0,0,1,0,0,0,0,1,1,1,1,0,1,1,0,0,0,0,0,0,1,0,1,0,0,0,0,1,0,0,0,0,1,0,0,1,1,1,0,1,1,0,0,1,0,0,0,1,1,0,1,0,1,1,0,1,0,0,1,1,0,1,0,1,0,1,1,0,1,0,0,1,0,0,0,0,1,1,1,1,0,1,1,1,1,1,1,1,1,0,0,1,1,1,1,0,1,0,0,1,1,1,0,0,1,1,0,1,0,1,0,0,1,1,1,0,1,0,1,0,1,0,0,0,1,1,1,1,0,0,0,0,0,0,1,1,0,1,1,1,1,0,1,1,1,1,1,0,0,1,0,1,1,1,0,1,1,1,1,1,1,1,0,1,0,0,0,0,1,0,1,0,0,1,1,1,1,0,0,0,1,0,0,0,1,0,0,0,1,0,0,0,0,0,0,1,0,1,0,0,1,0,1,1,0,1,0,1,0,0,1,0,1,0,0,0,1,1,0,0,0,0,1,0,0,0,1,0,0,0,0,0,0,0,0,1,0,0,0,1,0,1,0,0,1,0,0,1,0,1,0,0,0,1,0,0,0,1,0,0,1,1,0,0,1,1,1,1,1,0,1,1,1,0,0,0,1,0,0,0,0,0,0,0,0,0,1,1,0,1,0,0,0,1,1,0,0,1,0,0,1,0,1,0,1,1,1,1,1,0,0,0,1,1,1,0,0,0,1,1,1,0,0,1,0,0,0,1,0,0
C>T,TCA,0,0,0,1,1,0,0,0,0,0,0,0,0,0,0,0,0,0,0,0,1,0,0,0,0,1,0,0,0,0,1,0,0,0,0,0,0,1,0,0,0,1,0,1,0,1,0,0,0,0,0,0,1,0,0,0,1,0,1,1,0,0,1,0,1,0,0,0,1,0,0,0,1,0,0,1,0,0,0,0,0,0,1,0,0,0,0,1,0,0,1,0,0,1,0,1,0,0,1,0,0,0,1,0,0,0,0,0,0,0,0,0,1,0,0,0,1,0,0,0,1,1,0,1,0,1,0,0,0,1,0,0,1,0,0,1,1,1,0,1,1,1,1,0,0,0,0,0,1,0,0,0,1,0,1,0,1,1,1,0,0,0,0,0,0,0,0,1,0,0,0,0,1,0,1,1,1,1,0,1,0,0,0,0,0,0,0,0,0,0,0,0,1,1,0,0,1,0,1,0,0,0,0,0,0,1,0,1,0,0,1,0,0,0,1,0,1,0,1,1,0,0,0,1,1,1,0,1,0,0,0,0,0,1,0,0,0,0,0,0,1,1,0,0,0,0,0,1,0,1,0,0,0,0,1,1,0,1,0,1,0,0,1,0,0,1,0,1,0,0,0,0,0,0,0,0,0,0,0,0,0,1,0,1,0,0,0,0,0,0,0,0,1,0,0,0,0,0,0,0,0,0,0,0,0,1,0,1,0,0,1,0,0,0,0,1,1,0,1,1,0,0,0,0,0,0,0,1,0,0,0,1,0,0,0,0,0,1,1,0,0,0,0,0,0,1,0,1,0,0,0,1,1,0,0,1,0,0,0,0,1,0,0,0,0,0,0,1,0,0,0,0,0,0,1,1,1,0,0,1,0,0,1,0,0
C>T,TCC,0,0,0,1,0,0,0,0,1,1,1,0,0,0,0,1,1,0,1,0,0,0,0,0,0,1,0,0,0,0,1,0,0,0,1,1,0,0,0,0,0,1,0,1,0,0,0,0,1,0,1,0,1,0,0,1,1,0,1,1,0,0,1,0,1,1,0,1,0,0,0,0,0,0,0,1,0,0,0,0,0,0,1,0,0,1,0,1,1,0,1,1,0,0,1,1,0,0,1,0,1,0,1,1,0,0,0,0,0,0,1,0,0,1,1,1,1,1,0,0,0,0,0,1,0,0,1,0,1,0,0,0,1,0,1,0,1,1,0,1,1,1,1,1,0,0,0,1,1,0,0,1,0,0,1,0,0,0,1,1,0,0,0,1,1,0,1,0,0,0,0,0,0,1,0,0,0,1,0,1,0,0,0,0,0,0,0,0,0,1,0,1,1,1,1,0,1,1,1,0,0,1,1,0,1,1,0,1,0,1,1,0,1,1,1,0,1,0,1,0,0,0,1,1,0,1,0,0,0,0,0,0,0,1,0,1,0,0,0,1,1,1,0,0,0,0,0,0,0,1,0,0,0,1,0,1,1,1,1,1,1,1,1,0,0,1,1,1,0,1,0,1,1,0,0,0,0,0,0,0,0,0,0,1,0,0,0,0,1,1,1,0,0,0,0,0,0,0,0,0,1,0,0,1,0,0,1,1,1,0,0,0,1,0,0,1,1,0,1,1,0,1,1,0,0,1,0,0,0,1,0,0,0,0,0,0,0,1,1,0,0,1,0,0,0,1,0,1,0,1,0,1,1,1,0,1,0,1,1,0,1,0,0,0,0,1,1,1,0,0,0,0,0,0,0,1,0,1,0,1,0,0,0,1,0
C>T,TCG,0,0,0,1,1,0,0,0,0,0,1,1,0,0,0,0,0,1,0,1,0,0,0,0,1,1,0,0,0,0,1,0,0,0,0,1,0,0,0,0,0,1,0,1,0,1,0,0,0,1,0,1,0,0,0,0,0,0,0,1,0,0,1,0,0,1,0,1,1,0,0,0,0,0,0,1,0,0,0,0,0,0,0,0,0,0,0,0,0,0,0,0,0,0,0,1,0,0,0,0,0,0,1,1,0,1,0,1,0,1,0,0,0,0,0,0,1,1,0,0,0,0,1,1,0,0,0,0,0,0,0,1,0,0,0,0,1,0,1,0,1,1,1,0,0,1,0,0,1,0,0,1,0,0,0,0,0,0,0,0,0,0,1,0,0,0,1,0,0,0,0,0,1,1,0,1,0,0,0,1,0,0,0,0,1,0,1,0,0,0,1,1,1,0,0,0,1,1,0,0,0,1,0,0,0,1,0,1,0,0,1,1,1,0,1,1,0,0,0,0,0,0,0,1,1,1,0,1,0,0,1,1,1,1,1,0,0,0,0,0,1,0,0,1,0,1,1,1,1,0,1,0,1,1,0,1,0,1,0,0,0,0,1,0,1,1,0,0,1,0,1,0,0,0,1,0,1,0,0,0,1,1,0,0,1,0,1,0,1,0,0,0,1,1,1,0,0,0,0,1,0,0,1,0,1,0,0,1,1,0,1,0,0,0,0,0,1,0,1,1,0,0,0,0,1,1,0,1,0,1,0,0,0,0,0,1,0,1,1,0,1,0,0,0,0,1,1,0,1,0,0,1,0,1,0,1,0,1,0,1,1,1,0,0,0,0,0,0,1,0,1,1,0,0,1,1,0,0,0,0,0,0,0,0,0
C>T,TCT,0,0,0,1,1,0,0,0,1,0,0,0,1,1,0,0,0,0,0,1,1,0,0,0,0,0,0,0,0,0,1,0,0,0,0,1,0,0,0,0,0,0,0,1,0,0,0,0,1,0,0,0,1,0,0,0,1,0,0,1,0,0,1,0,1,1,0,1,1,0,0,0,1,0,0,1,0,0,0,0,0,0,1,0,0,1,0,0,0,0,0,1,1,0,0,1,0,0,0,0,1,1,1,0,0,0,0,0,1,0,0,0,0,1,1,1,1,0,0,0,0,0,1,1,0,0,1,0,0,1,0,0,1,0,1,0,1,0,1,0,1,1,1,1,0,0,1,0,1,0,0,1,1,0,1,0,0,0,0,0,1,0,0,1,1,0,0,1,0,0,1,0,0,0,1,1,0,0,0,1,1,0,1,1,0,0,0,0,0,0,0,0,1,1,0,0,1,0,1,0,0,0,1,0,0,1,0,1,1,0,1,0,1,1,0,0,1,0,1,1,0,0,0,0,1,1,0,0,1,0,0,0,0,1,0,1,1,0,0,0,1,0,0,0,0,0,0,0,1,1,0,1,0,0,1,0,0,1,0,0,0,0,1,0,0,0,0,0,0,1,0,1,0,0,0,0,0,1,0,0,0,1,0,1,0,1,0,0,0,1,1,0,0,0,0,0,0,0,0,0,0,0,1,0,0,1,1,0,1,0,0,0,1,0,0,1,0,0,1,1,0,1,0,1,0,0,0,0,0,1,1,1,1,1,0,0,1,1,0,0,0,1,0,0,0,1,0,1,0,1,0,0,0,1,0,1,0,0,0,1,1,0,1,1,0,1,0,1,0,1,0,0,1,0,1,1,1,0,0,1,0,0,1,1,0
T>A,ATA,0,0,0,0,1,1,1,0,1,0,1,1,1,0,0,0,0,0,0,1,0,0,1,0,1,0,0,0,0,0,0,0,1,0,0,1,0,0,0,1,0,1,0,1,0,0,0,0,1,0,1,0,1,0,0,0,1,0,1,0,0,0,1,0,0,1,0,1,1,0,0,0,0,0,0,1,0,1,1,0,0,0,1,0,1,1,0,0,1,1,0,1,0,0,0,1,0,0,1,1,1,0,0,1,0,1,0,0,0,0,0,0,0,0,0,1,0,0,0,0,1,0,0,1,0,1,0,0,1,1,0,1,1,1,0,1,1,0,0,0,1,0,1,0,1,0,0,0,1,1,0,1,0,0,0,0,1,0,0,0,1,0,0,0,1,0,0,0,0,0,0,0,0,0,1,0,0,0,0,1,0,0,0,1,0,0,0,0,0,1,0,0,1,1,0,0,0,0,0,0,0,0,1,0,1,0,0,0,1,0,0,0,0,0,0,0,0,0,0,1,0,0,0,1,1,0,1,0,1,1,1,0,0,0,0,0,0,0,0,1,1,1,1,0,0,1,1,0,0,0,0,0,1,0,0,1,0,0,1,0,0,1,0,0,0,1,0,1,0,1,1,1,0,0,0,0,0,0,0,0,0,1,1,1,1,1,1,0,1,0,1,0,0,0,1,0,0,0,1,0,0,0,0,0,0,0,1,0,1,0,0,0,0,0,0,1,0,1,0,0,0,0,0,0,0,0,0,0,0,0,1,0,1,1,0,0,0,0,0,0,1,0,1,0,0,0,1,0,0,0,0,0,0,1,0,1,0,0,0,1,1,0,0,0,0,0,1,0,0,0,0,0,1,0,0,1,0,0,0,1,0,0,0,0,0
T>A,ATC,1,1,0,0,0,0,0,0,1,0,1,1,1,0,1,0,0,0,0,1,1,0,1,0,1,1,0,0,0,0,1,0,1,0,1,0,1,1,0,0,0,1,0,0,0,0,0,0,0,0,1,0,1,0,0,0,1,0,1,1,1,0,1,0,0,0,0,1,0,0,0,1,0,0,0,1,1,1,0,1,0,0,1,1,1,0,1,0,1,0,1,1,0,0,0,1,1,0,0,0,1,1,0,0,1,1,0,1,1,0,1,0,0,0,1,0,0,1,0,1,0,0,0,1,0,0,1,0,0,1,0,0,1,0,1,1,1,1,0,1,1,0,1,1,0,1,0,0,1,1,0,1,0,1,0,0,0,0,0,1,0,0,1,1,1,0,0,0,1,0,1,0,0,0,1,1,1,1,0,1,0,0,0,0,0,0,0,0,0,0,1,1,0,1,1,0,0,0,1,1,0,1,1,0,0,0,1,1,0,0,1,0,0,0,0,0,1,0,0,0,0,0,0,1,1,1,0,1,0,0,0,0,0,1,1,0,0,0,0,1,0,1,1,0,0,0,1,1,1,0,1,0,1,0,0,1,0,0,0,0,0,0,0,0,0,1,1,1,0,1,1,1,0,0,1,1,0,1,0,0,0,0,1,1,1,1,0,0,0,1,0,0,0,0,1,0,1,0,0,1,1,0,1,0,1,0,1,1,0,0,1,1,0,0,1,1,0,0,0,0,0,0,0,0,0,0,0,1,0,1,0,0,0,1,1,0,0,0,0,0,0,0,0,1,1,0,1,1,1,1,1,1,0,0,0,1,0,1,0,0,0,0,0,1,0,0,1,1,1,0,1,1,1,0,0,1,1,0,1,0,0,0,0,1,0
T>A,ATG,0,0,0,0,0,0,0,0,1,1,1,0,0,1,0,0,0,0,0,1,0,1,0,0,0,0,0,1,0,0,0,0,1,0,1,1,1,1,0,0,1,1,0,1,0,0,0,0,0,1,0,1,1,0,0,0,1,1,0,1,1,0,1,0,1,1,1,0,1,0,0,0,1,0,0,1,0,0,0,0,1,0,1,0,1,1,0,0,0,0,0,1,1,0,0,1,0,0,1,1,0,1,1,0,1,1,0,0,0,1,1,0,0,0,1,1,1,1,1,1,0,1,0,1,1,1,0,1,0,0,1,0,1,1,1,1,1,1,1,1,1,1,1,1,1,1,1,1,0,0,0,1,0,0,1,1,0,1,1,1,0,0,1,0,0,0,0,0,1,0,1,1,0,0,0,0,1,0,0,1,1,0,0,1,0,0,0,0,0,1,0,1,1,1,1,1,0,1,1,0,0,1,0,0,0,0,0,1,1,0,1,0,1,1,0,0,1,0,1,0,0,0,0,1,0,0,0,1,1,0,0,0,1,1,0,0,0,0,0,0,1,1,0,0,1,0,1,0,0,1,1,0,0,0,0,1,0,0,1,1,1,0,1,0,0,1,1,0,1,1,1,1,0,1,0,0,1,0,0,0,0,0,0,1,0,1,0,1,1,0,0,1,1,0,0,1,0,0,0,1,0,0,1,1,1,0,1,1,0,0,0,0,1,1,1,1,0,0,1,0,1,0,0,1,0,1,0,1,0,1,1,1,0,0,0,1,1,1,1,1,1,0,1,1,0,0,1,1,0,1,0,0,0,1,0,1,1,0,1,0,1,1,1,1,0,0,0,1,1,0,1,0,0,1,1,1,1,0,1,0,0,0,1,1,0
T>A,ATT,0,1,1,0,0,1,0,0,0,0,0,0,0,0,1,0,0,0,0,0,1,0,1,0,0,1,1,0,0,1,0,1,0,0,1,0,0,0,0,0,0,1,0,0,0,1,0,0,0,0,1,1,0,0,0,0,0,1,0,1,0,1,0,0,1,1,0,1,1,1,0,0,1,0,0,1,1,0,0,0,0,1,1,0,1,0,1,1,0,1,0,1,1,0,0,1,0,0,1,0,1,1,1,0,1,0,0,1,0,1,1,0,0,0,0,1,0,0,0,1,1,0,0,1,1,0,0,0,1,1,1,0,1,1,1,0,1,1,0,1,0,1,1,0,1,0,0,0,1,1,0,1,0,0,1,1,1,0,1,1,1,0,0,1,1,0,0,0,0,1,1,0,1,0,1,0,0,1,0,0,1,0,1,1,0,1,0,0,0,1,0,1,1,1,1,0,1,0,0,0,0,1,0,1,1,1,0,0,0,0,1,0,0,0,0,0,1,0,0,0,1,0,0,0,1,0,0,1,0,1,0,0,0,0,0,1,0,0,1,1,0,0,1,0,1,0,0,1,0,0,1,0,1,0,0,1,0,0,1,0,1,0,1,0,0,0,0,0,0,0,1,1,0,0,1,0,1,0,0,1,0,0,1,0,0,1,0,0,1,0,0,1,0,1,1,0,0,0,0,1,1,0,1,0,0,1,0,0,0,0,0,0,0,0,0,0,0,0,1,1,0,0,1,1,1,1,0,1,1,1,0,0,0,0,0,0,0,1,0,0,1,0,1,0,0,1,0,0,0,0,1,0,0,0,1,1,0,1,1,1,1,0,1,0,0,1,0,1,0,0,0,0,0,0,0,1,1,1,1,1,1,0,1,1,0
T>A,CTA,0,1,0,1,0,1,1,0,1,0,1,1,1,0,0,0,0,1,0,1,0,0,0,0,0,0,0,0,0,0,0,0,0,0,1,1,1,1,0,0,0,1,0,1,0,0,0,0,1,0,0,0,1,0,0,1,1,0,0,0,0,0,1,0,1,0,0,1,1,0,0,1,0,1,0,1,0,0,1,0,0,1,1,0,0,1,1,0,1,1,1,1,1,1,1,1,0,0,0,0,0,1,1,0,0,1,0,0,0,0,0,0,0,0,1,0,0,1,0,0,0,0,0,1,1,1,0,0,1,0,0,0,1,0,0,0,0,0,1,0,1,1,0,1,1,0,0,1,1,0,0,1,0,0,0,0,0,0,1,1,0,0,0,0,0,0,0,1,1,0,0,1,0,1,1,0,0,0,0,1,0,0,0,0,0,0,1,0,0,0,1,1,0,1,1,1,0,0,1,0,0,1,1,0,1,0,0,0,1,0,1,0,0,0,0,0,1,0,0,1,1,0,0,0,0,0,0,0,0,0,0,0,1,0,0,0,0,0,0,0,0,0,0,0,0,0,0,0,0,0,0,0,0,0,1,1,1,1,1,1,0,1,0,0,0,1,1,1,0,0,0,1,1,0,0,0,0,1,0,0,0,1,0,0,0,0,1,1,1,1,1,0,0,0,0,0,0,0,0,0,0,1,0,0,0,0,1,1,1,0,0,0,1,1,0,1,0,1,1,0,0,0,0,0,0,0,0,1,1,1,0,0,1,0,0,0,0,1,0,0,0,0,1,0,1,0,0,0,1,0,1,0,0,1,0,0,1,0,1,1,1,0,0,0,0,1,0,1,1,0,0,1,0,1,1,1,0,1,0,0,0,1,0,0,0
T>A,CTC,0,1,0,1,1,1,0,0,1,1,1,1,1,0,1,0,0,1,0,1,1,0,0,0,0,0,0,0,0,1,1,1,1,0,1,1,1,0,0,0,0,1,0,1,0,0,0,0,1,1,1,1,1,1,0,0,0,0,0,1,0,0,1,0,1,1,0,1,1,0,1,0,1,1,0,1,0,1,0,1,1,0,1,0,0,0,0,0,0,1,1,1,0,0,0,0,0,0,1,0,0,1,1,1,1,1,1,0,0,0,1,1,0,1,1,1,1,1,0,1,1,0,0,1,0,0,0,0,1,0,1,0,1,0,0,0,1,0,0,1,0,1,1,1,1,0,0,1,1,1,1,1,0,0,0,0,1,0,1,1,0,0,1,1,1,0,1,0,0,0,0,0,0,1,1,1,0,0,0,1,0,0,0,1,0,0,0,0,0,1,1,0,1,1,1,1,1,1,1,0,1,0,1,0,0,0,1,0,1,0,1,1,0,1,1,1,1,0,1,0,1,0,0,1,1,1,0,1,1,1,0,0,0,0,1,1,0,0,0,0,1,0,0,0,0,0,1,1,0,1,1,0,0,1,0,1,0,1,0,0,1,0,1,1,0,1,0,0,0,0,0,1,0,0,0,0,1,0,0,0,0,1,1,0,0,1,0,1,0,1,0,1,0,1,1,1,1,0,1,0,0,1,1,0,0,0,1,0,1,0,0,1,0,0,0,0,0,0,1,0,0,1,0,1,0,0,0,1,0,0,1,1,0,0,0,0,1,0,1,0,0,0,0,1,1,1,0,1,1,0,0,1,0,1,0,1,0,1,1,0,1,0,1,1,0,0,1,1,1,0,0,0,0,1,1,1,1,0,1,1,0,0,0,0,0
T>A,CTG,0,0,0,1,0,0,0,0,0,0,1,0,0,0,0,0,0,0,0,1,1,0,0,0,0,0,0,0,0,0,0,0,1,0,1,0,0,0,0,0,0,0,0,1,0,0,0,0,0,0,1,0,1,0,0,0,1,0,0,1,0,0,1,0,0,1,0,0,1,0,0,1,1,0,0,1,0,0,1,0,0,1,1,0,0,0,0,0,1,0,0,1,0,1,0,1,0,0,0,1,0,0,1,0,0,0,1,1,0,0,1,0,0,0,1,1,0,1,0,1,0,0,0,1,0,0,0,0,0,0,0,0,1,0,0,1,1,0,1,1,1,0,1,0,0,0,1,1,1,1,0,1,0,0,1,1,0,0,1,1,0,0,0,0,0,0,0,0,0,0,0,0,0,0,0,0,0,0,0,1,0,0,0,0,0,0,0,0,0,0,0,1,1,1,0,1,0,0,0,0,0,0,0,0,0,0,0,0,0,0,1,0,1,1,1,1,0,0,1,0,0,0,0,0,0,1,0,1,1,1,0,0,1,0,0,0,0,0,0,0,1,1,1,0,0,0,0,0,1,0,1,0,1,0,1,0,0,1,1,0,0,0,1,0,0,1,1,0,0,1,0,1,0,1,0,0,0,0,0,0,0,0,0,0,0,0,0,0,0,0,0,0,0,0,0,0,0,0,0,0,0,0,0,0,0,0,1,1,0,0,0,0,1,0,0,1,0,0,1,0,0,0,0,0,0,1,1,1,0,0,0,1,0,0,1,1,0,0,1,0,0,0,0,0,1,1,0,0,1,1,0,1,1,0,0,0,0,1,1,1,0,0,0,0,0,0,1,1,0,0,1,1,0,0,0,1,1,0,0,0,0,0,0,0,0
T>A,CTT,1,0,0,1,1,1,1,1,1,0,1,1,0,1,1,1,0,0,0,0,0,0,0,0,0,1,0,0,0,0,0,1,1,1,1,1,1,1,0,0,0,1,0,1,1,0,0,0,1,0,1,0,1,0,0,0,1,0,1,1,0,0,1,1,0,1,1,1,1,0,0,0,1,0,0,1,0,0,0,0,0,0,1,1,0,1,0,0,0,0,1,1,0,0,0,1,0,0,1,0,1,0,1,0,1,1,0,1,0,1,0,1,0,0,1,1,1,0,0,0,1,1,0,1,0,0,1,0,1,0,0,0,1,0,0,1,1,0,0,1,1,0,1,1,1,0,1,1,1,1,1,0,1,0,1,1,1,0,1,1,0,0,0,1,1,1,0,1,1,1,0,0,1,0,0,1,0,0,0,1,1,0,0,0,1,0,1,0,0,0,1,1,1,1,1,1,0,1,0,0,0,1,1,0,0,1,1,0,1,1,1,1,1,1,1,0,1,0,1,0,0,0,0,1,1,1,0,1,0,0,0,0,1,0,0,0,1,0,0,0,1,1,0,1,1,0,0,1,0,0,0,0,1,0,0,1,0,1,0,0,0,1,1,0,1,1,1,1,0,1,1,1,0,1,0,0,1,1,0,0,0,1,1,1,1,1,1,1,0,0,0,1,0,0,0,0,0,0,1,1,0,0,1,0,1,1,1,1,1,0,1,1,0,0,0,1,0,1,0,0,1,1,1,0,0,1,0,1,0,1,1,1,0,0,0,1,1,1,1,0,1,0,1,0,1,0,1,0,1,1,0,1,1,0,0,1,0,0,1,0,1,0,1,0,0,0,0,1,1,0,0,1,0,1,0,1,1,1,0,1,0,0,0,1,1
T>A,GTA,0,0,0,1,0,1,1,0,1,1,0,1,1,0,1,1,0,0,1,1,1,1,0,0,0,1,0,1,0,0,0,0,1,0,0,0,0,1,0,1,0,1,0,0,0,0,0,0,1,1,0,0,0,0,0,0,1,0,1,0,0,0,1,0,0,1,0,1,0,0,0,0,0,1,0,1,1,1,0,1,0,0,1,1,1,1,0,0,1,1,0,1,0,1,0,0,0,0,0,1,0,1,1,1,0,1,0,0,0,1,0,0,0,0,1,0,0,0,0,0,0,1,0,0,0,1,0,0,0,1,1,1,1,0,1,0,0,1,1,1,1,1,0,1,1,0,0,0,1,0,1,1,0,0,0,0,0,0,0,0,0,0,0,0,1,1,0,0,1,0,0,0,0,0,0,0,0,0,0,1,0,0,1,0,0,0,0,1,1,0,0,0,1,0,0,0,0,0,1,1,1,0,1,0,1,0,0,1,0,0,1,0,0,1,0,0,0,0,0,1,0,0,0,0,0,1,0,0,1,0,0,0,0,1,0,0,1,0,0,1,1,1,1,0,1,0,0,0,0,0,0,0,1,0,0,1,0,1,0,0,0,1,1,0,0,0,0,1,0,0,0,1,1,0,0,0,0,1,0,0,1,0,1,1,0,1,0,0,0,1,0,0,0,1,1,0,1,0,1,0,0,0,1,1,0,0,0,1,1,0,1,0,0,0,0,0,0,1,0,0,0,0,1,0,0,0,0,1,0,0,1,0,1,0,0,1,1,0,1,0,0,0,0,0,0,0,0,1,1,0,0,1,1,1,0,0,0,0,1,1,1,0,1,0,0,0,0,0,0,0,0,0,1,1,0,1,0,0,0,0,0,0,0,0,0
T>A,GTC,0,0,0,1,0,0,1,0,0,0,1,0,0,1,0,0,1,0,1,0,0,0,0,0,0,1,0,0,0,0,0,0,1,1,1,1,0,1,0,0,0,1,1,0,0,0,0,0,0,0,1,0,1,0,0,0,0,0,0,0,1,0,1,0,1,1,0,1,0,0,0,0,0,1,0,0,0,0,0,0,1,1,1,0,0,0,0,0,0,0,1,0,0,1,0,1,0,0,0,0,0,1,1,1,0,0,0,0,1,1,1,0,0,0,1,0,0,0,1,1,1,0,0,1,0,0,1,1,0,1,0,0,1,1,1,0,1,1,0,1,0,1,1,1,0,0,0,1,1,0,0,1,0,1,0,0,1,0,0,0,1,0,0,0,0,0,1,0,0,0,0,1,0,0,0,0,1,0,0,1,0,0,0,0,0,0,0,0,0,0,0,0,1,1,1,1,1,0,1,0,0,0,0,0,1,0,0,0,1,0,1,0,1,1,0,0,0,0,1,0,1,0,0,1,1,1,0,0,0,1,0,0,0,0,0,1,1,0,0,0,1,1,0,0,1,0,0,1,0,1,0,0,0,0,0,1,1,0,0,0,1,1,0,0,0,0,1,1,0,1,0,1,0,0,0,0,0,0,0,0,1,0,0,0,0,0,0,0,0,0,0,1,1,0,0,0,0,0,1,0,0,1,1,1,0,0,0,1,1,0,1,1,0,1,0,1,0,0,0,0,0,1,0,0,0,1,1,1,0,1,0,1,0,0,0,0,1,0,1,0,0,0,0,0,1,0,1,0,1,0,0,0,0,0,1,1,0,0,1,0,1,0,0,0,0,1,0,0,1,0,0,1,0,1,1,1,0,0,0,1,0,0,0,1,0
T>A,GTG,0,0,0,1,0,0,1,0,0,0,1,1,1,1,1,0,0,0,0,1,1,0,1,0,1,1,0,0,0,0,1,1,0,0,1,1,0,0,0,0,0,1,0,0,0,0,0,0,0,0,1,0,1,0,0,0,1,1,0,0,0,0,1,1,0,1,0,1,1,0,0,1,1,0,0,1,0,1,0,0,0,0,1,0,1,0,1,1,1,1,0,1,1,0,0,0,0,0,0,0,0,1,1,0,1,1,0,1,0,0,0,1,0,0,1,1,1,0,0,1,0,1,0,1,0,0,0,0,1,1,0,0,0,1,0,0,1,0,0,0,0,1,1,1,0,0,0,1,1,0,1,1,1,0,0,0,0,0,0,0,0,0,0,0,1,0,0,0,1,0,1,0,1,0,0,1,0,0,0,1,1,0,1,0,0,0,1,0,0,0,0,1,0,1,1,1,1,0,0,1,0,0,1,0,0,0,0,0,1,0,1,0,0,0,1,1,1,0,1,1,0,0,0,1,0,1,0,0,1,1,1,0,1,0,0,1,0,1,0,0,1,1,0,0,0,1,0,0,0,1,0,0,0,0,0,0,0,0,1,0,0,1,1,0,0,1,0,0,0,0,0,1,0,0,1,0,1,1,0,1,0,0,1,0,0,1,1,1,1,0,0,1,0,1,1,0,1,0,0,0,1,0,0,0,0,0,0,1,1,0,1,0,1,0,0,0,0,1,0,0,0,1,0,0,0,0,0,1,0,0,0,0,0,1,1,0,1,0,1,0,0,0,0,0,0,0,0,1,1,0,0,0,0,0,0,1,0,1,1,1,1,0,0,1,0,1,0,0,1,0,0,1,0,0,0,1,1,0,0,1,0,0,1,0,0
T>A,GTT,1,1,0,1,0,0,0,0,1,1,0,1,1,0,1,0,0,0,0,0,1,0,1,0,0,1,0,0,0,0,0,1,1,1,1,1,0,1,0,0,0,1,1,0,0,1,1,0,1,0,1,0,1,0,0,0,0,0,0,1,0,0,0,0,0,1,1,1,1,0,0,0,0,0,1,1,0,0,1,0,0,0,1,0,0,0,0,0,1,0,0,1,1,1,1,0,1,0,0,0,0,0,0,0,1,1,0,0,0,0,0,1,0,1,1,0,0,1,1,0,0,1,0,0,0,0,0,0,0,0,1,0,1,1,0,1,1,0,0,1,1,1,1,1,1,1,0,1,1,0,0,1,1,0,1,0,0,0,1,0,0,0,0,0,1,1,0,0,0,1,0,0,0,1,1,0,1,0,0,1,1,0,0,1,0,0,0,0,0,0,0,1,1,0,1,1,0,0,0,0,0,0,0,0,0,0,1,1,1,1,1,1,1,1,0,0,1,0,0,0,1,0,0,1,0,1,0,0,1,1,1,0,0,0,0,1,1,0,0,0,0,0,1,1,0,0,0,0,1,0,0,0,0,0,0,1,0,0,0,1,0,0,1,0,0,1,0,1,0,1,0,1,1,0,0,0,0,1,0,0,0,0,0,0,0,0,0,1,0,0,0,0,0,0,0,0,0,0,1,0,1,0,1,0,0,0,1,0,1,0,0,1,0,0,0,0,0,1,0,0,0,1,0,0,0,1,0,1,0,0,0,0,1,1,0,0,0,0,0,0,0,0,0,0,0,0,0,1,1,0,0,1,1,0,0,0,1,1,0,0,0,0,1,0,0,0,0,0,0,0,1,0,0,1,1,1,1,1,0,0,1,0,0,0,0
T>A,TTA,0,0,0,1,1,1,1,0,0,1,1,0,1,0,0,0,0,1,0,0,1,1,0,0,1,0,0,0,0,0,0,1,0,1,0,1,1,1,0,0,0,1,1,0,0,0,0,0,0,0,1,0,1,0,0,0,1,1,0,0,0,0,0,0,1,1,0,1,0,0,0,0,1,0,0,0,0,0,1,0,0,0,1,0,0,0,0,0,0,1,1,1,0,0,0,1,0,0,0,0,0,1,0,0,1,0,1,0,0,0,1,0,1,0,1,0,0,0,1,0,0,1,0,0,0,0,1,1,0,0,1,1,1,0,0,0,1,0,0,0,0,0,0,0,0,0,0,0,0,1,0,1,0,0,0,0,0,0,0,0,0,0,0,0,0,0,0,1,0,0,1,0,0,0,1,0,0,0,0,1,0,0,0,0,0,0,0,0,0,0,1,0,0,1,0,0,0,0,1,0,1,1,1,0,0,1,0,1,0,0,1,1,1,1,0,0,0,0,1,0,0,0,0,0,0,0,0,1,1,0,1,0,0,0,0,0,0,0,0,0,0,0,0,0,0,0,0,0,1,0,0,0,1,0,0,1,0,1,1,0,0,1,1,0,1,1,0,1,0,0,1,1,0,0,0,0,1,0,0,0,0,1,0,0,0,1,1,0,0,0,0,0,0,0,0,1,0,0,1,0,0,0,1,1,0,0,1,0,0,0,0,0,0,0,0,1,0,1,0,0,0,1,0,0,0,1,0,1,0,0,0,1,1,0,1,0,0,0,0,0,0,0,0,0,0,0,0,0,1,0,0,0,0,1,0,0,1,0,0,0,1,0,1,0,0,0,1,0,1,0,1,0,0,1,0,0,0,1,0,0,0,0,1,1,0
T>A,TTC,0,1,1,0,0,0,0,0,0,0,0,1,0,0,1,0,0,0,1,0,0,0,0,0,0,0,0,0,0,0,0,0,1,0,1,1,0,0,0,0,0,1,1,1,0,0,0,0,0,1,1,0,1,1,0,0,0,0,1,1,0,0,0,0,0,1,1,1,1,0,0,1,1,1,0,1,0,1,0,0,0,0,1,0,1,0,0,0,0,1,0,0,1,0,1,1,1,0,0,0,0,0,0,1,0,0,0,1,0,1,0,0,0,1,1,1,0,0,0,1,1,0,0,0,0,1,0,0,0,1,1,0,0,0,1,0,0,0,0,0,1,1,0,1,0,0,1,0,1,1,0,1,1,0,0,0,1,0,0,1,1,0,1,1,0,0,1,0,1,0,1,1,0,0,0,0,1,1,0,1,0,0,0,1,0,0,0,0,1,0,0,0,1,1,1,0,1,0,1,0,0,1,1,0,1,0,0,0,1,1,1,0,0,1,1,0,0,0,1,0,0,0,0,0,1,1,0,0,0,0,1,0,0,0,0,1,0,0,0,0,1,0,1,1,1,0,1,0,0,0,0,0,1,0,0,1,0,1,0,0,0,0,1,0,0,0,0,0,0,1,0,0,0,0,0,0,0,1,0,0,0,1,0,0,0,1,0,0,0,1,1,1,0,1,1,0,0,0,1,0,0,1,1,0,0,1,1,1,1,0,0,1,1,0,0,1,0,1,0,0,0,0,0,1,0,1,0,1,0,0,1,1,0,0,0,0,0,0,1,0,0,0,0,0,0,0,0,1,1,0,1,0,1,1,0,1,0,1,0,0,1,0,0,0,0,0,0,1,1,0,0,0,0,0,0,0,1,0,0,1,0,0,0,0,0
T>A,TTG,0,1,0,0,0,0,0,0,0,0,0,1,0,0,1,0,0,0,0,0,1,0,1,0,0,0,0,0,0,0,0,0,1,0,0,1,0,0,0,0,0,0,0,0,0,0,0,0,0,0,0,0,1,0,1,0,0,0,0,0,0,0,0,0,1,1,1,1,1,0,0,0,0,1,0,1,0,1,0,0,0,0,1,0,0,1,1,0,0,0,0,1,0,0,0,0,1,0,1,0,0,0,1,1,0,0,0,0,0,1,1,1,0,0,1,0,0,0,0,1,0,0,0,0,1,0,0,0,1,1,1,1,0,0,0,0,1,0,0,0,1,1,1,1,0,0,0,1,1,0,0,0,0,0,0,0,0,0,0,0,0,0,1,1,1,1,0,0,1,0,0,0,0,0,0,1,0,0,0,1,0,0,1,1,0,1,0,1,1,0,0,0,0,0,0,1,0,0,0,1,0,1,0,0,0,0,0,1,1,0,0,0,0,0,0,1,1,0,0,1,0,0,0,0,0,1,0,0,0,1,0,0,0,0,0,0,1,0,0,0,0,0,0,0,0,0,0,0,0,0,0,1,0,0,0,1,0,0,0,0,1,0,0,0,0,0,0,0,0,1,0,1,1,1,1,0,0,1,0,0,0,1,0,1,0,0,0,1,0,0,0,0,0,1,1,0,0,0,1,1,0,0,0,1,0,0,1,0,0,0,0,0,0,0,0,0,0,1,0,0,0,0,0,1,0,1,1,1,0,0,1,0,0,0,0,1,0,1,0,0,0,1,0,0,1,0,1,0,1,0,1,0,1,0,0,0,1,0,0,1,0,1,1,0,0,0,0,1,1,0,0,1,0,1,0,1,0,1,0,0,0,0,0,1,0
T>A,TTT,0,1,0,1,0,0,1,0,0,0,1,1,0,0,0,0,1,0,0,0,0,0,1,0,0,1,1,0,0,1,0,0,1,0,1,1,1,1,0,0,0,1,0,0,0,0,0,0,1,1,1,0,0,1,0,1,1,0,1,1,0,0,1,0,1,1,1,0,1,0,0,1,1,0,0,0,0,0,0,0,0,0,1,1,0,0,1,0,1,1,0,1,1,1,0,0,1,0,0,0,0,1,1,1,1,0,0,0,0,0,0,0,0,0,1,0,0,1,0,0,1,1,0,0,0,1,0,0,0,0,0,1,1,0,1,0,1,0,0,1,0,1,1,1,0,0,0,1,0,1,1,0,0,0,0,0,0,0,1,0,0,0,1,1,1,0,0,0,0,0,0,0,0,0,1,1,1,1,0,1,1,0,0,0,0,0,0,0,0,1,0,1,1,1,1,0,0,1,0,0,0,1,0,0,1,1,0,0,0,0,1,0,1,1,1,1,1,0,0,0,0,0,0,0,1,1,0,0,1,1,0,1,0,0,0,0,0,0,0,0,1,0,0,0,0,0,1,0,0,1,0,0,1,0,1,1,1,1,1,0,1,0,1,1,0,1,0,1,1,1,1,0,0,1,0,1,0,0,0,0,1,1,0,1,0,0,0,1,0,1,1,1,0,0,1,0,1,0,0,0,1,1,1,0,0,0,1,1,1,0,0,1,1,0,0,1,0,1,0,0,0,1,0,0,0,0,0,1,0,0,0,1,0,0,0,0,0,1,1,0,1,0,1,0,1,0,0,1,1,0,1,1,0,1,1,1,0,0,1,0,0,0,0,1,0,0,0,1,1,0,0,0,0,0,0,1,0,1,0,1,1,0,0,0,0
T>C,ATA,0,0,0,1,1,1,1,0,1,1,0,0,0,0,0,1,0,0,0,0,1,1,1,0,0,1,0,0,0,0,0,1,1,0,1,1,0,1,1,0,0,1,1,1,0,1,0,0,1,1,1,1,1,1,1,0,0,1,0,0,0,1,1,0,0,1,0,0,1,0,1,0,1,0,0,1,1,0,0,0,1,0,1,0,1,0,0,0,1,0,1,1,0,0,0,1,0,0,1,1,1,1,1,1,1,1,0,0,0,0,1,0,1,0,1,0,1,1,1,0,0,0,1,1,1,1,1,0,0,1,1,1,1,1,1,0,1,0,0,1,1,1,1,1,0,0,1,0,1,1,0,1,1,0,0,0,1,0,1,0,1,0,1,1,1,1,1,0,1,1,1,1,0,0,0,1,0,1,0,1,0,0,0,1,0,1,0,0,0,1,1,1,1,1,1,1,0,0,1,0,1,1,1,1,0,0,1,1,1,0,1,0,1,0,1,1,1,0,0,1,0,0,1,0,0,1,0,0,1,0,1,0,0,1,1,1,1,1,1,0,0,0,0,1,0,0,1,1,0,0,1,1,1,0,1,1,0,1,1,0,0,1,1,0,0,1,1,1,0,1,0,1,1,1,1,0,1,1,0,0,1,1,1,0,0,1,0,0,1,1,0,0,0,1,0,0,0,1,0,1,0,1,1,0,0,0,1,1,1,1,0,1,1,0,0,1,1,1,1,1,1,1,1,1,0,1,1,1,1,1,1,1,1,0,0,1,1,1,1,0,0,1,0,1,0,0,1,1,0,1,0,1,1,0,0,1,0,1,0,1,1,0,1,1,1,1,1,1,0,1,0,0,1,0,0,1,1,1,0,1,0,0,1,0,0
T>C,ATC,0,0,0,1,1,1,0,0,1,0,1,0,0,0,0,1,1,0,0,0,0,0,0,0,1,1,0,0,0,0,1,0,0,1,1,1,0,1,0,0,0,1,0,0,0,0,0,0,1,1,1,1,1,0,0,0,0,0,1,0,0,0,1,1,1,0,1,1,1,0,0,0,0,0,0,0,0,0,1,0,0,0,0,0,1,0,0,0,0,0,1,1,0,0,1,1,0,0,0,0,1,0,1,0,1,0,0,1,0,1,1,1,0,0,1,1,0,0,1,0,1,0,0,1,0,1,1,0,1,1,0,0,1,1,1,1,1,1,0,1,1,1,1,1,1,1,1,1,1,0,1,1,1,0,1,0,1,0,0,1,1,0,1,1,0,0,1,1,1,0,1,0,1,0,1,1,0,1,0,1,1,1,0,1,1,0,0,1,1,1,0,1,1,0,0,1,1,0,0,1,0,1,0,0,0,0,0,1,1,1,1,0,1,1,1,1,0,0,1,0,1,1,0,1,1,1,0,0,0,1,0,1,1,1,0,0,1,0,0,0,1,0,0,0,0,0,0,1,0,1,0,1,0,1,0,1,0,0,1,0,0,1,1,0,0,0,0,1,1,0,0,1,0,0,1,1,1,0,0,0,0,1,0,1,0,1,1,0,1,0,1,0,0,1,1,1,0,0,0,1,1,1,0,0,1,0,1,1,1,1,0,0,0,0,0,0,1,1,1,0,0,1,1,0,0,1,1,0,0,1,0,1,0,0,0,1,1,0,1,0,0,1,1,1,1,0,0,1,1,1,0,1,0,1,1,0,0,1,1,0,1,0,1,0,0,0,0,0,1,1,0,1,1,0,1,1,0,1,0,1,1,1,0,0,1
T>C,ATG,0,0,0,1,0,1,0,0,1,0,0,0,0,1,0,0,0,0,1,0,0,0,0,0,0,1,0,0,0,0,0,1,1,0,1,1,0,1,1,1,0,0,1,1,0,1,0,0,0,1,0,1,0,0,0,0,1,0,0,1,0,0,0,0,0,0,0,0,1,0,0,1,0,0,0,1,0,0,0,0,0,0,1,0,0,0,0,0,1,0,1,1,0,1,0,1,0,0,1,0,0,1,0,1,1,0,1,0,0,0,0,0,0,0,0,0,1,1,0,1,1,0,0,1,0,1,0,1,0,1,0,0,1,0,0,0,1,0,0,0,0,1,1,1,1,1,0,1,1,0,0,1,1,1,0,0,1,0,0,0,0,0,0,0,0,1,0,0,0,1,0,1,0,0,1,0,0,0,0,1,1,0,0,1,0,0,0,0,0,0,0,0,0,1,1,0,1,0,1,0,0,1,0,0,0,0,0,0,0,0,1,1,1,0,0,1,0,0,0,0,1,1,0,0,0,1,0,0,1,0,0,0,0,0,0,0,1,0,0,0,0,1,0,0,0,0,0,0,0,0,0,1,0,0,0,1,0,0,0,0,0,0,0,0,0,0,0,1,0,1,0,1,1,0,0,0,1,1,0,0,0,0,0,1,0,1,0,1,0,0,0,0,0,0,1,0,0,0,0,0,0,1,0,0,0,0,1,1,1,0,0,1,0,0,0,0,0,0,1,1,0,1,1,0,0,0,0,0,0,1,0,1,1,0,0,0,1,0,1,0,0,0,0,0,0,0,0,0,0,0,0,0,1,0,0,0,0,0,1,0,0,0,1,0,0,1,0,1,1,0,0,0,0,0,0,1,0,0,0,0,0,0,0,0,0
T>C,ATT,0,0,0,1,0,0,0,0,0,0,1,0,0,1,0,1,0,0,0,1,0,1,1,0,0,0,0,0,0,1,0,0,1,1,0,1,0,0,0,0,0,0,1,0,0,0,0,0,0,0,0,1,0,0,0,0,1,0,1,0,1,0,0,0,1,0,0,1,0,0,0,1,0,1,0,0,1,0,0,1,0,0,1,0,0,0,1,0,0,0,1,1,0,0,0,1,0,0,0,0,0,0,0,1,0,0,0,1,0,0,1,0,0,1,1,0,0,0,0,1,0,1,0,1,1,0,1,0,0,1,0,1,1,0,1,0,1,0,0,0,1,0,1,1,1,0,1,0,1,0,0,0,0,0,1,0,1,0,1,0,0,0,1,1,1,0,0,1,0,0,0,0,1,0,0,1,0,1,0,1,1,0,0,0,0,0,1,0,0,1,1,0,1,1,1,0,0,0,0,1,0,0,1,0,0,0,0,1,1,0,0,0,1,1,1,1,0,0,0,1,1,0,0,1,1,0,0,0,1,1,1,1,1,0,1,0,0,0,1,0,1,1,0,1,0,0,0,0,0,1,0,0,0,0,0,0,0,0,0,1,0,0,0,0,1,0,0,0,0,0,1,1,0,0,0,0,1,0,0,0,0,1,0,0,0,0,0,0,0,1,1,0,0,0,1,0,0,0,0,0,0,1,1,0,0,0,0,1,0,0,0,0,1,0,0,1,0,0,0,0,0,1,0,1,0,0,1,1,0,0,0,0,0,1,0,0,1,0,1,0,0,1,1,0,1,1,0,0,1,0,0,0,1,1,0,0,1,1,0,1,1,0,1,0,0,0,0,1,0,0,0,0,1,0,0,0,0,0,0,1,1,0,1,0,1
T>C,CTA,0,0,0,1,0,1,1,0,0,1,0,1,0,0,0,1,0,0,0,0,0,0,0,0,0,0,0,1,0,1,1,0,0,1,1,1,1,0,1,0,0,0,1,0,0,1,0,0,1,0,1,1,0,0,0,1,0,0,0,1,0,0,1,1,1,1,0,1,1,0,0,1,0,0,0,0,0,1,1,0,0,0,1,1,1,1,0,0,0,0,0,1,0,1,0,1,0,0,0,0,0,1,0,0,1,0,0,0,0,1,0,0,0,0,1,0,0,0,1,0,1,0,0,1,0,1,1,0,0,0,0,0,0,0,0,0,1,1,0,1,0,1,0,1,0,0,0,1,0,0,0,0,1,1,1,0,1,0,0,1,0,0,0,0,1,0,0,0,1,0,1,0,0,0,1,1,0,0,0,1,1,0,0,1,1,0,0,0,0,0,0,1,1,1,1,1,1,0,0,0,0,0,1,0,0,0,0,0,1,0,1,0,1,0,0,1,1,0,1,0,0,0,0,0,0,1,1,0,0,1,0,1,0,0,0,1,0,0,0,0,1,1,0,0,0,0,0,0,0,0,0,0,0,0,0,1,0,0,1,0,1,0,0,0,0,1,0,1,0,1,0,1,1,0,1,0,0,1,0,0,0,1,1,1,0,0,1,0,1,0,0,0,0,0,1,0,0,0,0,0,0,1,1,0,0,1,1,0,0,0,1,0,1,1,0,0,0,0,1,1,0,0,0,1,0,1,1,0,0,0,1,0,0,0,0,0,0,0,1,0,0,0,0,0,0,1,1,0,1,0,0,1,1,1,0,0,0,0,0,0,1,1,0,1,0,1,0,1,1,0,1,1,0,0,0,1,0,1,0,1,1,1,0,0,0
T>C,CTC,0,0,0,1,1,0,0,0,1,0,1,1,0,0,0,0,0,0,0,0,0,0,0,0,0,1,0,0,0,0,0,0,1,0,1,1,1,1,0,0,0,1,0,0,0,0,0,0,0,0,1,0,0,1,0,0,0,0,0,0,0,0,1,0,1,0,0,0,0,0,0,1,0,1,0,1,0,0,0,0,0,0,1,0,0,0,0,0,0,0,1,1,1,1,0,1,0,0,0,0,0,1,0,0,0,1,0,0,0,0,1,0,0,1,1,0,1,1,0,0,1,0,0,1,0,0,1,0,0,1,0,0,1,0,0,0,1,0,0,1,1,1,1,1,0,0,0,1,1,0,0,0,1,0,1,0,1,0,1,0,0,0,0,0,0,0,0,0,1,0,0,0,0,0,0,1,0,0,0,1,1,0,0,1,1,0,0,0,0,0,0,0,1,1,0,0,0,0,1,0,0,0,1,0,0,0,0,1,1,0,1,1,1,1,1,0,1,0,0,0,1,0,0,1,0,1,0,0,0,0,1,0,0,0,0,0,0,0,0,0,1,1,0,0,0,0,1,1,1,0,0,1,0,0,0,1,0,1,1,0,0,0,0,0,0,0,0,1,0,0,0,1,0,0,0,0,0,1,0,0,0,0,0,1,0,0,1,0,0,0,1,0,0,0,0,0,0,0,0,0,0,0,1,0,0,0,0,0,1,0,0,0,1,0,0,1,0,0,0,1,0,1,0,0,0,1,0,0,0,0,0,1,0,0,0,0,0,0,1,0,1,1,0,0,0,0,0,1,1,0,0,1,1,0,0,1,0,0,0,0,1,0,1,1,0,0,0,1,0,0,0,1,0,0,0,1,0,0,0,1,0,0,0,0,0
T>C,CTG,0,1,0,0,0,0,0,0,0,0,1,1,0,1,1,1,0,0,0,0,0,0,0,0,1,0,0,0,0,0,0,0,0,0,0,1,0,0,0,0,0,1,0,0,0,1,0,0,1,0,1,0,1,0,0,0,0,1,0,0,0,1,0,0,1,0,0,1,0,0,0,0,1,0,0,1,0,0,1,0,0,0,0,0,0,0,0,0,0,0,1,1,0,0,0,1,0,0,0,1,0,0,0,1,1,0,0,0,0,0,1,0,0,0,0,1,1,0,1,0,0,0,0,1,0,0,0,0,0,0,1,0,0,0,0,0,1,0,1,1,0,0,1,0,1,0,1,1,1,0,1,0,0,0,1,0,0,0,1,0,0,0,0,0,1,1,0,0,1,0,0,1,1,0,0,0,0,0,0,1,0,1,1,0,1,0,0,0,0,0,0,0,1,1,0,1,1,0,0,0,1,0,1,0,0,0,0,1,0,0,1,0,1,0,0,0,1,0,0,0,0,0,0,0,0,1,0,0,0,1,0,0,0,0,1,1,0,0,0,1,1,0,0,0,0,0,0,1,1,0,0,1,1,0,0,1,0,1,0,1,0,0,0,0,0,1,0,0,0,1,0,0,0,0,0,0,0,1,0,0,0,0,0,1,0,1,0,0,0,0,0,0,0,0,0,0,0,0,0,0,0,0,0,0,0,0,0,0,0,0,0,0,0,0,0,0,1,0,0,1,0,1,1,0,0,0,1,1,0,0,0,0,0,0,1,0,0,0,1,1,0,0,1,0,0,1,0,1,1,0,0,1,0,1,0,0,0,1,0,0,0,0,0,1,0,0,0,0,0,1,0,0,0,0,0,1,0,0,0,0,0,1,0,0,0
T>C,CTT,0,0,0,1,0,0,1,0,0,1,1,0,0,0,0,1,0,0,0,0,1,0,0,0,0,0,0,0,0,0,1,1,1,1,1,0,0,0,0,0,0,0,0,1,0,0,0,0,0,0,1,1,1,0,0,0,0,0,0,1,0,0,1,0,1,1,0,0,0,0,0,0,1,0,0,1,0,0,0,0,0,0,1,0,0,0,0,0,0,0,1,0,0,0,0,1,0,0,0,0,0,0,1,0,1,0,0,0,0,0,0,0,0,1,1,0,0,0,0,0,0,0,0,1,0,0,0,0,1,0,0,0,1,0,0,0,0,1,0,1,1,1,1,0,0,0,0,0,1,0,0,1,1,1,0,0,1,0,1,1,0,0,0,0,1,0,0,0,0,0,0,0,1,0,1,0,0,0,0,1,0,0,1,0,0,0,0,0,0,0,0,0,1,1,0,1,0,0,0,0,0,0,1,0,0,0,0,0,0,0,1,0,1,1,0,1,1,0,1,0,0,0,0,0,1,1,0,0,0,1,0,0,0,0,0,0,0,0,0,0,1,0,1,0,0,0,0,1,0,0,0,0,0,0,1,1,0,1,0,0,0,0,1,0,0,1,0,1,0,0,0,0,0,0,0,1,0,0,0,0,0,1,0,1,1,0,1,0,0,0,0,0,0,1,1,0,0,0,0,0,0,0,0,0,0,0,1,0,0,0,0,1,0,0,0,0,0,0,0,0,0,0,1,0,0,0,0,1,0,0,0,1,0,1,0,0,0,0,0,0,1,1,0,0,0,1,0,0,1,0,0,1,0,0,0,1,0,0,0,0,1,0,0,0,0,0,0,1,1,1,0,0,0,1,0,1,0,0,0,0,0,0,0,0,0
T>C,GTA,0,0,0,1,1,1,0,1,0,0,1,1,1,0,0,1,0,0,1,0,1,1,1,0,0,1,0,0,0,0,0,0,1,1,0,1,0,0,1,0,0,1,0,1,0,1,0,0,1,1,1,0,1,0,0,0,0,0,0,1,0,0,0,0,1,1,1,0,1,0,1,1,0,1,0,1,1,1,0,0,0,0,1,0,1,0,1,0,1,0,1,1,0,1,1,1,1,0,0,0,0,1,1,0,1,0,0,0,0,1,1,0,0,0,1,0,0,0,1,0,0,1,0,1,0,0,1,0,0,1,0,1,0,0,0,1,1,0,0,0,1,1,1,1,0,1,1,1,0,0,1,0,1,1,1,0,1,1,0,0,0,0,1,0,1,1,0,1,0,0,1,0,1,0,1,1,0,0,1,1,1,0,0,0,0,1,1,0,0,1,0,0,1,1,1,1,1,0,1,1,1,1,1,0,0,0,1,1,1,0,1,1,1,1,1,0,0,1,1,1,0,0,0,0,1,1,0,0,1,1,0,0,1,0,0,1,0,0,0,0,1,1,0,0,0,0,1,0,0,1,1,0,0,1,1,1,1,0,0,0,1,0,0,0,0,0,0,0,0,0,0,0,0,1,1,0,0,1,0,0,0,1,0,1,0,1,0,0,0,0,0,0,1,0,1,0,1,0,0,0,1,1,0,0,1,0,1,0,1,0,0,0,1,0,0,0,1,1,0,0,0,0,1,1,1,0,0,1,0,1,0,1,1,0,0,0,1,0,1,0,1,1,0,0,0,1,0,1,1,0,0,0,1,0,0,0,0,0,1,0,1,1,0,0,1,1,0,1,0,0,1,0,1,1,1,1,1,0,0,0,0,0,0,0,1
T>C,GTC,0,0,0,1,1,0,0,0,1,1,0,0,1,0,0,0,0,0,1,0,0,1,1,0,1,1,1,0,0,1,1,0,1,0,1,1,0,0,0,0,0,0,0,1,0,1,0,0,0,0,0,0,1,0,0,1,1,0,0,0,0,0,0,0,1,1,0,1,1,0,0,0,1,0,0,1,0,0,0,1,1,0,1,1,1,0,0,0,0,0,1,1,0,0,0,0,0,0,1,0,1,1,0,1,0,0,0,0,1,1,1,0,0,0,0,0,0,1,0,0,1,1,0,1,1,1,1,0,1,0,0,1,1,1,0,1,0,0,1,1,1,1,1,1,0,0,0,0,1,1,1,1,0,0,1,0,1,1,0,1,0,0,1,1,1,1,0,0,0,1,1,1,1,0,1,1,0,1,0,0,0,0,1,1,0,0,0,0,1,1,0,0,1,0,1,1,1,1,0,0,0,0,1,0,0,0,0,1,1,1,0,1,1,1,0,1,0,0,1,1,0,1,0,1,1,1,0,1,1,0,1,0,0,0,0,0,1,0,0,1,1,0,0,0,0,0,1,0,0,0,1,1,0,0,1,1,1,0,1,0,1,1,1,0,1,0,0,0,1,0,1,0,1,0,1,0,0,1,0,0,0,1,1,1,0,1,0,1,0,0,0,1,0,1,1,0,0,0,0,1,1,0,1,0,0,1,1,0,1,0,0,1,0,0,0,1,0,0,1,1,1,1,0,1,0,1,0,1,0,0,0,0,0,0,0,0,1,0,1,0,0,0,1,0,0,1,0,0,1,0,0,0,0,0,0,1,0,0,0,1,1,0,1,1,1,0,1,1,1,0,0,0,0,1,1,1,1,0,0,0,0,0,0,0,0
T>C,GTG,1,0,0,0,0,0,0,0,1,0,1,0,0,1,0,1,0,0,0,1,0,1,0,0,1,0,0,0,0,0,1,1,0,1,0,1,0,1,0,0,0,1,0,1,0,0,0,0,0,1,1,1,1,0,0,0,1,0,0,1,0,0,0,0,1,1,1,0,1,0,0,0,0,1,0,1,1,0,1,0,0,0,1,0,1,0,1,1,1,1,1,1,1,1,0,1,1,0,1,0,0,0,0,1,1,0,1,1,0,1,1,0,0,1,1,0,0,1,1,0,1,0,0,1,0,1,1,1,0,1,0,1,1,1,1,0,1,1,0,1,0,1,1,0,0,0,1,1,1,0,0,0,1,0,1,0,0,0,0,1,1,0,0,1,1,0,0,0,1,0,1,0,1,0,0,1,0,0,0,1,0,0,0,1,1,0,0,1,0,1,0,0,1,1,1,1,1,1,1,0,1,1,1,0,0,0,0,1,1,0,0,0,1,1,1,1,1,0,1,0,0,0,0,1,1,1,0,0,1,1,0,0,1,1,0,0,1,0,0,1,1,0,0,1,0,0,0,0,1,0,0,0,0,0,1,1,1,1,1,0,0,1,1,0,0,0,1,1,1,1,1,1,1,1,1,1,1,0,0,0,1,1,0,0,1,0,0,0,0,0,0,0,0,1,1,1,0,0,0,1,0,0,1,0,1,0,1,0,1,0,0,1,0,1,0,1,0,1,0,1,0,1,0,1,0,1,0,1,0,1,0,1,0,1,0,0,1,1,1,0,1,0,0,1,0,1,0,0,0,0,0,1,1,1,0,0,0,1,0,0,1,0,1,0,0,0,0,1,0,0,0,1,0,1,0,0,0,0,0,0,0,0,0,0,0
T>C,GTT,0,0,1,0,1,0,1,0,0,0,1,1,0,1,1,1,0,0,0,1,0,0,1,0,0,1,0,1,0,1,0,0,1,1,1,1,1,0,0,0,0,0,1,1,0,1,0,0,1,0,1,1,1,1,0,1,0,0,1,0,0,0,1,0,1,0,0,1,1,1,0,0,1,0,0,1,1,1,1,0,0,1,1,0,0,1,0,0,0,0,1,0,1,1,1,1,1,0,0,1,0,1,1,1,1,1,0,0,0,1,0,0,0,1,1,0,0,1,0,0,0,0,0,1,0,0,1,0,1,0,0,0,1,1,1,1,1,0,0,1,1,1,1,0,1,0,0,1,1,0,1,1,0,0,0,0,0,0,0,1,0,1,0,1,1,1,0,1,1,1,1,1,1,0,0,0,0,1,1,1,1,1,1,1,0,0,1,0,1,1,1,1,1,1,1,1,1,0,0,0,0,1,1,0,0,1,0,1,0,0,1,1,1,1,0,1,1,0,0,1,0,0,0,1,1,1,1,0,1,0,1,0,0,0,1,1,1,0,0,0,1,1,0,1,1,0,1,0,1,0,0,1,1,1,0,1,1,1,0,0,0,1,1,0,0,1,1,0,0,1,1,1,1,1,0,0,1,1,0,0,1,0,0,1,1,1,1,0,0,1,0,1,0,1,0,1,1,0,1,1,0,0,1,1,1,0,1,0,1,0,1,0,0,0,0,1,1,0,1,1,1,1,1,1,0,0,0,1,0,0,0,0,1,0,1,1,1,0,1,0,0,0,0,0,1,0,0,1,1,0,0,0,1,0,0,1,1,0,0,0,0,0,1,1,0,0,0,1,1,1,0,0,1,0,1,1,1,0,0,1,1,0,0,1,1
T>C,TTA,0,1,0,1,0,1,0,0,0,1,1,1,0,0,0,1,0,0,0,0,0,1,1,0,0,0,0,1,0,0,1,0,1,1,1,0,1,1,0,0,1,0,0,0,0,0,0,0,1,0,1,1,1,0,0,0,1,0,0,1,1,0,0,1,0,0,1,1,1,0,0,0,0,1,0,1,1,0,0,0,0,0,1,0,0,0,1,0,1,1,1,1,0,1,0,0,0,0,1,0,0,0,0,1,1,1,0,1,0,0,0,1,0,0,1,0,0,1,0,0,1,0,0,0,0,0,0,1,1,0,0,0,0,0,1,0,1,0,0,0,0,1,0,0,0,0,0,0,1,1,0,0,0,0,1,0,1,0,0,1,0,0,1,0,0,0,1,0,0,0,0,1,1,0,0,1,1,1,0,0,0,0,0,1,0,0,0,0,0,0,0,1,0,1,0,0,1,0,0,0,0,0,0,0,0,0,0,1,1,0,1,0,1,1,0,0,0,0,1,0,0,0,0,1,0,1,0,0,0,0,0,0,0,0,1,0,0,0,0,0,1,1,0,1,0,0,0,0,0,0,0,0,0,1,1,1,1,1,1,1,0,1,1,0,1,1,0,1,0,0,1,1,1,0,1,1,1,1,0,1,1,0,0,1,1,0,1,0,1,0,1,0,0,1,1,0,0,0,0,0,1,0,1,1,1,1,1,1,1,0,0,0,0,1,1,0,0,0,0,1,0,0,1,1,0,0,1,0,0,0,0,0,0,0,0,0,1,0,0,0,0,1,0,1,0,0,0,0,1,1,0,0,1,1,0,1,1,0,0,0,1,0,1,1,0,0,0,1,0,1,1,1,1,0,1,1,1,0,0,0,0,0,0,1,1
T>C,TTC,1,0,0,1,1,0,0,0,0,1,1,1,0,1,0,0,0,0,0,1,0,1,0,0,1,1,0,1,0,1,1,0,0,1,1,1,1,0,1,1,0,1,0,1,0,1,0,0,0,0,1,0,1,1,0,0,1,0,0,0,1,0,1,0,1,1,0,1,1,0,0,1,0,0,0,1,1,1,0,1,1,0,1,1,0,1,0,0,0,1,1,0,0,0,0,0,0,0,1,0,1,0,1,1,1,0,0,0,0,0,0,1,0,0,1,0,0,1,0,0,1,1,0,1,0,1,1,0,1,0,0,1,1,0,1,1,1,1,0,1,1,0,1,1,1,1,1,0,1,1,0,1,0,0,0,0,1,0,1,0,1,0,1,1,1,1,1,1,1,1,0,1,0,1,1,0,1,0,0,1,0,1,1,1,1,0,1,0,0,0,0,1,1,1,1,1,1,0,1,1,0,1,1,0,0,1,0,1,1,0,1,1,1,1,0,0,1,1,1,0,1,1,0,1,1,1,0,0,1,1,1,1,1,0,0,1,1,0,0,0,1,1,0,0,1,0,1,0,1,1,1,0,0,1,1,1,1,1,1,0,1,1,1,0,0,0,0,1,1,1,1,1,0,1,0,1,0,1,0,0,1,1,1,1,0,1,0,1,1,1,1,1,1,0,0,0,0,0,1,0,0,1,1,1,0,0,1,1,0,1,0,1,0,1,0,1,0,0,1,1,0,1,1,1,0,1,0,1,0,1,0,1,1,0,0,0,0,1,1,0,0,0,0,0,1,1,0,0,1,1,0,1,1,1,1,1,0,1,0,0,0,0,1,1,0,0,0,1,0,0,0,0,0,0,1,1,1,1,0,1,0,1,1,1,1
T>C,TTG,0,0,0,1,0,0,0,0,0,1,0,1,0,1,0,0,0,0,0,0,0,1,1,0,0,0,0,1,0,0,1,1,0,0,1,0,1,1,0,0,0,1,0,1,0,1,0,0,0,0,0,1,0,0,0,0,0,0,1,0,1,0,0,0,0,1,1,1,1,0,1,0,1,0,1,1,0,1,0,1,0,0,0,0,0,0,0,0,1,0,1,1,0,1,0,1,0,0,0,0,1,0,0,1,0,1,0,0,0,1,1,0,0,0,1,1,1,1,0,0,0,0,1,1,1,1,1,0,1,1,1,0,1,0,1,1,1,0,0,0,0,0,1,1,0,0,0,0,1,0,0,0,1,0,1,0,0,0,0,1,0,0,0,0,1,0,1,0,0,0,0,0,0,0,1,1,1,0,0,1,0,0,0,0,1,0,0,1,0,0,0,0,1,0,1,1,1,1,0,1,1,0,0,0,0,1,0,0,1,0,1,1,1,1,0,0,1,0,1,1,0,0,0,0,0,1,0,0,1,0,0,1,0,0,1,0,0,0,1,1,1,1,0,1,0,0,0,1,0,0,1,0,1,1,0,1,0,1,1,0,1,1,1,0,0,0,0,1,1,0,1,0,0,0,1,0,0,1,0,0,0,1,0,1,0,0,0,1,1,0,1,0,0,0,1,0,0,0,0,1,1,0,0,0,0,1,1,1,0,0,1,1,0,0,1,1,0,0,0,1,0,0,1,1,0,1,1,1,0,0,1,0,0,0,0,0,0,0,0,0,0,0,0,0,0,1,0,1,0,0,0,0,0,1,0,1,0,0,0,1,1,1,0,1,0,0,0,1,0,0,0,0,0,1,0,1,0,0,0,1,0,0,0,0,0
T>C,TTT,0,0,0,1,1,0,0,0,1,0,0,0,0,1,0,1,0,1,0,1,0,1,0,0,0,0,0,0,0,0,1,1,0,0,0,1,1,0,0,0,0,1,0,1,0,0,0,0,0,1,1,1,0,0,1,0,1,0,1,1,0,0,1,0,0,1,1,0,1,0,0,0,1,0,1,1,0,1,1,0,0,0,1,0,0,0,0,0,0,0,1,0,1,0,0,0,1,0,1,0,1,1,0,1,1,0,1,0,0,0,1,1,0,1,1,0,0,1,0,1,1,1,1,1,0,0,1,0,0,1,0,0,1,0,1,0,1,1,1,1,1,1,1,1,1,1,0,1,1,0,0,0,0,0,1,1,1,0,1,0,1,1,0,1,0,1,0,0,0,0,1,1,0,1,1,0,1,1,0,1,1,0,1,1,0,0,0,0,1,1,0,0,1,1,1,1,1,1,0,0,0,0,0,0,1,0,0,1,1,0,0,1,1,1,1,1,0,0,1,0,1,1,0,1,0,1,0,1,1,1,1,1,1,0,0,1,0,0,0,0,1,1,0,0,0,1,0,1,1,0,1,0,0,0,1,1,0,1,0,1,0,0,1,0,1,1,0,1,0,1,0,0,1,0,0,0,1,0,0,1,0,1,0,1,0,0,0,1,0,1,1,0,0,0,0,0,0,0,0,0,0,1,0,0,0,1,1,1,1,0,0,1,1,1,0,1,1,1,1,1,0,1,0,0,0,1,0,0,1,1,0,1,0,0,1,0,1,0,1,0,0,0,0,0,0,1,0,1,0,0,1,0,0,1,0,1,0,1,0,0,1,0,1,0,0,1,0,1,1,0,1,0,1,1,1,1,1,0,0,0,0,0,1,1,0
T>G,ATA,1,0,0,0,0,0,0,0,0,1,0,0,0,0,0,0,0,0,0,0,0,0,0,0,0,0,0,0,0,0,0,1,0,0,1,0,0,1,0,0,0,0,0,1,0,0,0,0,0,0,1,0,0,0,0,0,0,0,1,0,0,0,0,0,0,0,0,0,0,0,0,0,0,0,0,1,0,1,1,0,1,0,0,0,0,0,0,0,0,0,1,0,0,0,0,0,0,0,0,0,0,0,0,0,1,0,0,0,0,0,0,0,0,0,1,0,0,0,0,0,0,0,1,1,0,0,0,0,0,0,1,0,1,1,0,0,0,0,0,0,0,0,1,1,0,0,0,0,0,1,0,0,1,0,0,0,0,0,0,1,1,0,0,0,1,1,0,1,0,0,0,0,0,0,0,0,0,0,0,0,0,0,0,1,0,0,1,0,0,0,0,0,0,0,0,0,0,1,1,0,0,1,0,0,0,0,0,1,1,0,0,0,0,0,1,0,0,0,1,0,0,0,0,0,1,0,0,0,0,0,0,0,1,0,0,0,0,0,0,0,1,0,0,0,0,0,1,0,1,0,0,0,0,0,1,0,0,0,0,0,0,0,0,0,0,1,1,0,0,0,0,1,0,0,0,0,0,0,0,1,1,0,0,0,0,1,0,1,0,0,0,1,0,0,0,0,0,0,0,1,0,0,0,0,0,0,1,0,0,0,0,0,1,0,0,1,0,0,0,0,0,0,0,0,0,0,0,1,0,0,1,1,1,0,0,0,0,0,0,0,0,0,1,0,1,0,1,0,0,1,0,0,1,0,0,0,0,1,0,0,1,0,0,0,0,1,0,1,1,1,0,0,0,0,0,1,0,0,0,0,0,0,0,1,0
T>G,ATC,0,0,0,1,0,0,0,0,1,1,0,0,0,0,0,0,0,0,0,0,1,0,0,0,0,1,0,0,0,1,0,0,0,0,0,0,0,0,0,1,0,1,0,0,0,0,0,0,1,0,0,0,0,0,0,0,1,0,0,1,0,0,1,0,1,0,0,0,0,0,1,0,1,0,0,0,0,1,0,0,0,0,1,0,0,1,0,0,0,0,1,1,0,0,0,0,0,0,1,0,1,0,0,0,1,0,1,0,0,0,0,0,0,0,1,0,0,0,1,0,0,1,0,1,0,0,0,0,0,0,0,0,0,0,1,0,1,1,0,0,1,1,0,0,0,0,0,0,1,0,0,1,0,0,0,1,1,0,0,0,0,1,1,0,1,0,0,0,1,0,1,0,0,0,1,0,0,1,0,1,0,1,0,0,0,1,0,0,0,0,0,0,0,0,0,0,1,1,0,0,0,0,0,0,1,0,0,0,1,0,1,0,0,0,0,0,1,0,1,0,0,0,0,0,0,0,0,0,0,0,0,0,0,0,0,0,0,0,0,0,1,1,0,0,0,0,1,0,0,0,0,0,0,0,0,0,1,1,1,0,1,0,0,0,0,0,1,0,0,1,0,0,1,0,0,0,0,1,0,0,0,0,1,0,0,0,1,0,0,0,0,0,1,0,1,0,0,0,0,0,0,0,0,0,0,0,0,1,0,0,0,0,1,0,0,1,0,0,1,0,0,0,0,0,0,0,0,1,0,0,0,1,0,0,0,0,0,0,1,0,0,0,0,1,0,1,1,0,0,0,1,0,0,0,0,1,0,0,0,0,0,0,0,1,0,0,0,1,0,0,0,1,1,0,0,1,0,0,0,0,0,0,0,0,0
T>G,ATG,0,1,0,1,0,0,0,0,0,0,0,0,0,0,1,0,0,0,0,0,1,0,1,0,0,1,0,1,0,0,0,0,1,1,0,1,1,0,0,0,0,0,0,0,0,0,0,0,0,1,1,1,0,0,0,0,1,0,0,1,0,0,1,0,0,1,0,1,1,0,0,1,1,0,0,1,0,0,0,0,0,1,1,0,1,0,0,0,0,0,0,1,0,0,0,0,0,0,0,0,0,0,1,0,1,0,0,0,0,1,0,1,1,0,1,0,0,1,0,1,1,0,0,0,1,0,0,0,0,1,1,0,0,0,0,0,0,0,0,1,0,0,1,1,0,0,0,0,1,0,0,0,0,1,1,0,0,0,0,1,0,0,1,0,0,0,1,1,0,0,0,1,1,0,1,0,1,0,0,1,0,0,0,0,0,0,1,0,0,1,0,1,1,0,0,1,1,0,0,0,0,0,1,0,1,0,1,1,1,0,1,1,1,1,1,1,1,0,1,0,0,0,0,1,1,1,0,0,1,1,0,0,1,0,0,0,0,0,0,0,1,0,1,0,0,0,1,0,1,0,0,0,1,0,0,0,0,0,1,0,0,0,1,0,0,0,0,0,0,0,0,0,1,0,0,0,0,0,0,0,1,0,0,1,0,0,0,0,0,0,1,0,0,0,1,0,0,0,0,1,1,0,0,0,0,1,0,1,1,0,1,0,0,0,0,1,0,0,1,0,0,1,1,1,0,0,1,1,0,1,1,1,1,0,0,0,0,0,1,0,0,0,0,0,0,0,0,0,1,0,1,1,0,0,0,1,0,0,0,0,1,0,1,1,0,0,1,1,1,0,1,0,0,0,1,1,1,0,0,0,1,0,0,1,0
T>G,ATT,0,0,0,0,0,0,0,0,0,0,0,0,0,1,0,0,0,0,1,1,0,0,0,0,0,0,0,0,1,0,0,1,0,0,0,1,1,0,0,0,0,1,0,0,0,0,0,0,1,0,0,0,1,1,0,1,0,0,0,0,0,1,1,0,0,1,0,0,0,0,0,0,1,0,0,1,0,1,0,0,0,0,0,0,1,0,0,0,0,0,1,1,0,1,0,1,0,0,0,0,0,0,0,0,0,1,0,0,0,1,1,0,0,1,0,1,0,0,0,0,1,0,0,1,0,0,1,0,0,0,1,0,0,0,1,1,0,0,0,0,0,0,1,1,0,0,0,0,0,1,1,1,0,0,0,0,1,0,0,0,0,0,1,0,1,1,0,0,0,0,0,0,0,0,0,0,0,0,0,0,0,0,0,0,0,0,1,0,0,0,0,0,1,0,0,0,1,0,0,0,1,0,0,0,1,0,0,1,1,0,1,1,0,1,1,0,0,0,1,0,1,0,0,0,0,1,0,1,0,1,1,0,0,0,0,0,0,0,0,0,0,0,0,0,0,1,0,1,0,0,1,0,0,0,0,1,0,1,1,0,0,0,1,0,0,0,0,1,1,0,0,1,0,0,0,0,1,0,0,0,0,0,0,1,0,0,0,0,1,0,1,0,0,0,0,0,0,0,0,0,0,1,0,0,0,0,1,1,0,0,0,0,0,0,0,0,0,0,0,0,0,0,0,0,0,0,1,1,1,0,0,0,0,0,0,0,0,1,1,0,0,0,0,0,0,0,0,1,1,0,0,0,0,0,0,0,0,0,0,0,0,0,0,0,0,0,0,1,1,0,1,0,0,0,0,0,0,1,0,0,0,1,1,1,0
T>G,CTA,0,0,0,0,0,0,0,0,0,0,1,0,0,1,0,0,0,0,0,0,0,0,0,0,0,0,0,0,0,0,0,0,1,0,0,0,0,0,0,0,0,1,0,0,0,0,0,0,0,0,1,0,1,1,0,0,0,0,1,1,0,0,1,0,1,0,0,0,0,0,0,0,0,0,0,0,0,0,0,0,1,0,0,0,0,0,1,0,0,1,0,1,0,0,0,0,1,0,0,0,0,1,1,0,0,0,0,0,0,0,0,0,0,1,0,0,0,1,0,0,0,0,1,1,0,0,0,0,0,0,0,0,0,0,0,0,1,0,0,0,0,1,0,0,0,0,0,1,0,1,0,1,0,0,1,1,0,0,0,1,0,0,1,0,1,0,0,0,0,0,0,0,1,1,0,0,0,0,0,0,0,0,1,0,1,0,0,0,1,0,0,0,1,1,0,0,0,0,0,0,0,0,0,0,0,0,1,0,1,0,0,0,1,1,0,0,0,0,0,0,1,0,0,0,0,0,0,0,0,1,0,0,0,0,1,0,0,0,0,0,0,0,0,0,0,0,0,0,0,0,0,0,0,0,0,1,0,0,0,0,0,0,1,0,0,0,0,1,0,0,0,0,0,0,1,0,0,0,0,0,0,0,0,0,0,0,0,0,0,0,0,0,0,0,0,0,0,0,0,0,0,0,0,0,0,0,0,0,0,0,0,0,1,0,0,0,1,0,1,0,0,0,1,0,0,0,0,1,0,1,0,0,0,0,0,0,0,0,1,0,0,0,0,0,1,0,0,1,0,0,1,1,0,0,0,0,0,1,0,1,0,0,0,0,0,0,0,1,0,0,1,1,0,1,0,1,1,0,0,0,0,0,0,1,0
T>G,CTC,0,1,1,1,0,0,0,1,0,0,1,1,1,0,0,0,1,1,0,0,1,0,0,0,0,0,0,0,0,0,1,0,1,1,1,1,0,0,0,0,0,0,0,0,0,0,0,0,0,0,0,0,1,0,0,0,1,0,1,0,0,0,1,0,0,1,0,0,1,1,0,0,1,1,0,1,0,1,0,0,0,0,0,1,0,0,1,0,0,1,0,1,0,1,1,1,0,0,0,0,0,0,0,0,0,0,0,0,0,0,1,0,0,1,1,1,1,0,0,0,0,0,0,0,0,0,0,1,1,1,0,0,1,1,1,0,1,1,0,1,1,0,1,1,0,0,0,1,1,0,0,0,0,0,0,1,0,0,0,0,0,0,0,0,1,1,0,1,1,0,0,0,0,0,0,1,0,0,0,1,1,0,0,0,0,0,0,0,0,0,0,0,1,0,1,1,1,0,0,0,0,0,1,0,1,0,0,0,1,0,0,1,1,1,0,0,1,0,0,0,1,0,0,1,0,1,0,0,1,0,0,0,0,0,0,0,0,0,0,0,1,1,0,0,0,0,0,1,1,0,0,0,0,0,1,0,0,0,0,0,1,1,0,0,0,0,0,0,1,0,0,0,1,1,0,0,1,0,0,0,0,0,0,1,0,0,0,0,0,0,1,0,1,0,1,0,0,0,1,0,0,0,1,1,0,0,0,1,1,1,1,0,0,0,0,1,1,1,1,0,1,1,1,0,0,1,0,1,0,1,0,1,0,0,0,1,1,0,1,0,0,0,0,0,0,0,0,1,1,0,0,1,1,0,0,1,0,1,0,0,1,0,0,1,0,1,0,1,0,0,0,0,0,0,0,1,0,0,0,0,0,0,0,0,0
T>G,CTG,1,1,0,1,1,1,0,1,1,1,1,1,1,0,1,0,1,0,0,1,1,1,1,0,1,1,0,0,0,0,1,0,1,1,1,1,0,0,0,0,0,1,0,0,0,1,0,0,0,0,1,1,1,1,0,0,0,0,0,1,1,0,1,0,1,0,0,1,1,0,0,0,0,1,0,1,0,1,0,0,0,1,1,1,0,0,1,0,1,1,0,1,0,1,0,1,0,1,0,0,0,0,1,1,1,0,0,0,0,1,0,1,0,0,1,1,0,1,0,1,1,1,1,1,0,1,1,1,1,1,1,0,1,0,1,1,1,1,0,0,0,1,1,1,1,0,0,1,0,1,0,1,1,0,1,1,1,0,0,1,0,1,1,0,1,1,0,0,0,0,1,0,0,0,1,1,1,0,0,1,0,1,0,0,0,0,0,1,0,0,0,0,1,1,1,0,1,1,1,0,0,1,1,0,0,1,1,1,0,1,1,0,1,1,0,1,1,0,1,1,1,0,1,0,0,1,0,0,0,1,0,1,1,0,0,1,0,0,0,1,1,1,1,0,0,0,0,0,1,0,1,0,1,0,1,1,1,1,1,1,1,1,1,0,0,1,1,1,1,1,0,0,0,1,0,0,1,0,0,1,1,1,0,1,1,0,1,0,0,0,0,0,0,1,1,1,0,0,1,1,0,0,1,0,0,0,1,1,1,0,1,1,1,0,0,1,0,0,1,1,1,1,0,1,0,1,1,1,1,1,1,0,1,0,0,0,1,0,1,0,1,0,1,0,1,1,0,1,1,1,1,0,1,0,0,1,0,0,1,0,1,0,0,1,0,0,1,1,1,0,0,0,1,0,0,1,0,0,1,1,0,0,1,1,0
T>G,CTT,0,0,0,1,0,1,0,0,1,1,0,1,0,1,0,1,0,0,0,0,1,1,1,0,0,1,0,0,0,0,0,0,0,0,0,1,1,1,0,0,0,1,0,1,0,0,0,0,0,0,0,1,1,0,1,1,0,0,1,1,0,1,1,0,0,1,0,1,0,0,0,0,0,1,0,1,0,0,0,0,0,0,1,0,0,0,1,1,0,0,1,1,1,0,0,1,0,0,0,0,0,1,1,1,1,0,0,0,0,1,1,1,1,1,1,0,1,1,0,0,0,0,0,1,1,1,0,0,0,1,1,1,1,0,0,0,1,0,1,0,1,0,1,1,0,0,1,0,1,0,0,0,1,0,1,0,1,0,1,0,1,0,1,1,1,1,0,0,0,0,1,1,1,0,1,0,0,0,0,1,0,0,0,0,0,0,0,0,0,0,0,0,1,1,1,0,0,0,0,0,1,1,1,0,1,1,0,1,1,0,1,0,1,0,0,1,1,0,1,0,1,0,0,1,1,1,0,0,1,0,0,0,1,0,1,1,0,1,1,1,1,0,0,1,0,0,0,0,1,0,0,0,0,0,1,1,1,0,1,0,0,1,0,0,0,0,1,1,0,0,0,1,0,0,1,0,0,1,0,0,1,0,0,1,0,0,0,1,0,0,1,1,0,0,0,1,0,0,1,0,1,0,1,0,1,1,0,0,1,0,1,1,0,0,0,0,1,0,0,1,0,1,0,0,0,1,0,1,0,0,1,0,1,0,0,0,0,0,1,0,0,0,1,1,1,0,0,1,0,1,0,1,1,1,0,1,0,0,1,0,1,0,1,0,1,0,0,0,1,0,0,0,0,0,0,0,1,1,0,0,0,0,0,0,1
T>G,GTA,0,0,0,1,1,0,0,0,0,0,1,0,0,1,0,0,0,0,0,0,0,0,0,0,0,1,0,0,0,0,1,0,1,0,1,1,0,0,1,0,0,1,0,1,0,0,0,0,0,0,0,1,0,0,0,0,1,0,1,1,0,0,1,0,0,0,0,0,1,0,0,0,0,0,0,1,0,0,1,0,0,0,1,0,0,0,0,0,1,0,0,1,0,0,0,1,1,0,0,0,0,0,0,0,0,0,0,0,0,0,1,0,0,0,0,0,0,0,0,0,0,0,0,0,0,1,1,0,0,0,0,1,1,1,0,0,0,0,0,1,1,0,1,0,1,0,0,1,1,0,0,0,0,0,0,0,0,0,1,1,0,0,0,0,0,0,1,1,1,1,1,1,0,0,0,0,1,0,0,1,0,0,0,0,0,0,0,0,0,0,0,0,0,1,0,0,1,0,1,0,0,1,0,0,0,0,0,0,0,0,0,0,1,1,1,0,1,0,1,0,0,0,0,1,1,1,1,0,1,1,1,0,0,0,0,0,0,0,0,0,0,1,0,1,0,0,0,0,0,1,0,1,0,1,0,0,1,0,0,0,0,0,0,0,0,1,0,0,0,0,1,0,0,0,1,0,0,1,0,0,0,0,0,0,0,0,0,0,1,0,0,0,0,0,0,0,1,0,0,1,0,1,0,0,0,0,1,0,0,0,0,0,0,0,0,0,0,0,0,0,0,1,0,0,0,0,0,0,0,0,0,1,0,0,0,0,0,0,0,0,1,0,0,0,1,1,0,0,0,0,0,0,1,0,0,1,0,0,0,1,0,0,0,0,0,0,0,1,1,0,0,0,1,0,0,1,0,0,1,1,0,0,0,0,0
T>G,GTC,0,0,1,0,0,0,1,0,1,0,1,0,1,0,0,0,0,0,0,0,0,0,1,0,0,0,0,0,0,0,0,0,0,1,0,1,0,1,0,0,0,1,0,1,0,0,0,0,0,0,0,0,0,0,0,0,0,0,1,0,0,0,0,0,0,1,0,0,0,0,0,1,1,0,0,0,0,0,0,0,0,0,0,1,0,0,0,0,0,1,0,1,0,0,0,0,0,0,0,0,0,0,0,1,0,0,0,0,0,1,1,0,0,0,1,0,0,0,0,0,0,0,0,1,0,0,0,0,1,1,1,0,1,0,0,0,1,0,0,1,0,1,1,0,0,0,0,0,1,1,1,1,0,0,1,1,0,0,0,0,1,0,0,0,1,0,1,0,0,0,0,0,1,1,0,0,0,0,0,0,0,0,0,0,1,0,0,0,0,0,0,0,0,1,0,0,0,0,1,0,0,0,0,0,0,0,0,0,0,0,0,0,1,1,1,1,0,0,0,1,0,0,0,0,0,1,0,0,0,1,0,0,0,0,0,0,0,1,0,0,1,0,0,0,0,0,0,0,0,0,0,0,0,0,0,1,0,1,0,0,0,1,0,0,0,1,0,0,0,1,1,0,0,0,1,0,0,1,0,0,0,0,0,0,0,1,0,0,0,0,0,0,0,0,1,0,1,0,0,0,1,0,1,0,0,0,0,1,0,0,1,0,0,1,0,1,0,0,0,0,0,0,1,0,0,0,0,0,0,1,0,1,0,0,0,0,0,0,1,0,0,0,0,0,1,1,0,0,1,1,0,0,1,0,0,1,0,0,0,0,0,0,0,0,0,1,0,1,1,0,1,0,0,1,0,1,0,0,1,0,0,0,1,1,0
T>G,GTG,0,0,0,1,1,0,0,0,1,0,1,1,1,1,0,0,0,0,0,0,0,0,1,0,1,1,0,0,0,1,1,0,1,0,0,1,1,1,0,0,0,1,1,0,1,0,0,0,1,0,1,1,1,0,1,0,0,1,0,1,0,0,1,0,1,1,1,1,1,0,0,1,1,0,1,1,1,1,1,1,0,0,1,1,1,0,1,0,1,1,0,1,0,0,0,0,1,0,0,0,0,1,1,1,0,1,0,1,0,0,1,1,0,1,0,1,0,0,0,0,0,0,0,1,0,0,1,0,0,0,0,1,1,0,1,0,1,0,0,0,1,1,1,1,1,0,0,1,1,0,0,1,1,0,1,0,1,1,0,0,0,0,1,0,0,1,0,1,1,0,0,1,0,1,1,0,0,1,0,1,0,0,1,1,0,0,0,0,0,0,0,1,0,0,1,1,1,1,1,1,0,1,1,0,1,0,0,0,1,0,1,0,0,1,1,0,0,0,1,0,0,0,1,1,1,1,0,0,1,0,1,0,0,1,0,1,1,0,0,0,1,0,0,0,0,1,0,0,1,0,0,0,0,0,0,1,0,0,1,0,0,0,1,0,0,1,0,1,0,1,0,1,0,1,0,1,0,0,0,1,1,1,0,0,0,1,0,0,1,1,1,0,0,1,1,0,1,0,0,1,0,1,1,0,0,0,1,1,0,0,0,0,0,1,0,0,0,0,0,0,1,0,1,0,0,0,1,0,0,1,0,0,0,1,0,1,0,0,1,0,0,0,0,0,1,1,1,1,0,0,1,0,1,0,1,1,0,1,0,1,0,0,0,0,0,0,0,1,1,1,0,0,0,1,1,1,0,0,0,0,0,0,0,1,0
T>G,GTT,0,0,0,0,0,0,0,0,1,1,0,0,0,0,0,0,0,0,0,0,0,0,0,0,0,0,0,0,0,0,0,0,0,1,0,0,1,0,0,0,0,0,1,0,1,1,0,0,0,0,1,0,0,0,0,0,0,0,1,1,0,0,1,0,1,0,0,0,0,0,0,0,0,0,0,0,1,0,0,0,0,0,0,0,0,0,0,0,0,0,0,1,0,0,0,0,0,0,0,0,0,1,1,0,0,0,0,1,0,0,0,0,0,0,1,0,1,0,0,1,1,1,0,0,0,0,0,0,0,1,0,0,1,0,0,0,1,0,0,0,1,0,1,1,0,0,0,0,0,0,1,1,0,0,1,0,0,0,0,0,0,0,1,0,0,0,0,0,1,0,0,0,0,0,1,0,1,0,0,0,0,1,0,0,0,0,0,0,0,0,0,0,1,1,1,0,0,0,1,0,0,1,0,0,1,1,0,0,1,0,1,0,1,1,1,0,0,0,0,0,1,0,0,1,0,1,0,0,1,1,1,0,0,0,0,0,0,0,0,0,1,0,0,0,0,1,1,0,0,0,0,0,0,0,0,1,0,1,0,0,0,0,0,0,0,1,0,1,0,0,0,1,0,0,0,0,1,0,0,0,0,1,0,0,0,0,0,0,0,0,0,1,0,1,0,0,0,0,0,1,0,0,0,1,0,0,0,0,1,0,1,1,0,0,0,0,1,0,0,1,0,1,1,0,0,0,0,0,0,0,0,1,0,0,0,0,1,0,0,0,0,0,0,0,1,1,0,1,0,0,0,0,0,0,0,0,0,1,0,0,0,0,1,0,0,1,0,1,1,0,1,0,1,0,0,1,0,0,1,0,0,0,0,0,0
T>G,TTA,1,0,0,1,1,0,1,0,0,0,0,0,1,0,0,0,0,0,0,1,1,0,0,0,0,0,0,0,0,0,0,0,1,0,1,1,0,0,0,0,0,1,0,0,0,0,0,0,0,1,1,0,1,0,0,0,0,0,1,0,0,0,1,0,0,1,0,0,1,0,0,0,1,1,0,1,1,0,0,0,0,0,1,0,0,0,0,0,0,0,0,1,0,0,0,0,0,0,0,0,0,0,1,1,0,0,0,0,0,0,1,0,0,0,0,0,0,0,0,1,1,0,0,0,0,1,0,0,0,0,0,0,0,0,0,0,0,0,0,1,0,0,0,1,0,0,0,1,1,0,0,1,0,0,1,0,1,0,1,0,0,0,0,0,0,0,1,0,1,0,0,0,0,1,0,0,0,0,0,1,1,1,0,0,0,0,0,0,0,0,1,0,0,0,0,0,0,0,1,0,1,0,0,0,0,0,0,1,0,0,0,0,1,1,0,1,0,0,0,1,0,0,0,0,0,0,0,1,1,0,0,0,0,0,0,1,0,0,0,0,0,0,1,0,0,0,1,0,0,1,0,0,0,0,0,1,0,0,1,0,0,0,0,0,0,0,0,0,0,0,1,0,0,1,0,0,0,1,0,0,0,0,0,1,0,1,1,0,0,0,0,0,1,1,1,0,0,0,0,0,0,0,1,0,0,0,1,1,1,0,0,0,0,0,0,0,1,0,1,1,0,0,0,0,0,0,0,1,1,1,1,0,0,0,0,0,0,0,1,0,1,1,1,1,0,0,0,0,0,1,1,1,0,0,0,0,0,0,0,0,0,0,0,0,0,0,0,0,0,0,0,0,0,0,0,0,0,0,1,1,0,0,0,0,0
T>G,TTC,0,0,0,1,0,0,0,0,0,1,1,1,1,1,0,1,0,0,0,0,1,1,0,0,1,1,0,0,0,0,1,0,0,1,1,1,0,0,0,1,0,1,0,1,0,0,0,0,0,0,1,1,1,0,0,0,0,1,0,1,0,1,1,1,0,1,0,0,1,0,0,1,1,0,0,1,0,1,0,0,0,0,1,1,1,0,0,0,0,1,0,1,0,0,0,0,0,0,1,0,0,1,1,0,0,0,0,0,0,0,0,0,0,0,1,0,1,0,0,0,0,1,0,1,0,0,1,0,0,1,0,0,1,1,1,0,1,0,0,0,1,1,1,1,0,0,0,0,1,0,0,0,1,0,0,1,0,1,0,1,0,0,0,1,1,1,0,0,0,0,1,0,1,0,0,0,0,1,0,1,1,1,0,0,0,0,0,0,0,0,0,0,0,1,1,0,0,0,1,0,1,0,1,0,0,1,0,0,0,0,1,1,1,0,1,0,0,0,0,0,1,0,1,0,1,1,0,1,1,1,0,0,1,0,0,0,1,0,0,0,0,0,0,1,1,0,1,0,1,0,0,0,0,0,0,1,0,1,0,0,0,0,0,0,0,1,0,0,0,1,0,0,0,1,0,1,0,0,1,1,0,1,0,1,0,1,0,0,1,1,0,1,0,1,1,0,0,0,1,0,0,1,1,0,1,0,1,0,1,0,0,0,1,0,0,1,0,0,0,0,0,0,1,1,0,0,0,1,0,0,1,0,1,0,1,0,0,0,1,0,1,0,0,0,0,0,0,1,0,0,1,1,0,0,0,0,0,0,0,0,0,0,1,0,0,0,0,1,0,0,0,0,0,0,0,0,0,1,1,0,0,0,0,0,0
T>G,TTG,0,0,0,0,1,1,0,0,1,1,1,0,1,1,1,0,0,0,1,0,0,0,0,0,0,0,0,0,0,0,1,0,1,0,0,1,0,0,0,0,0,1,0,0,0,0,0,0,0,0,0,1,1,0,1,0,0,0,1,1,0,0,1,0,1,1,1,1,1,0,0,0,0,0,0,1,0,1,0,0,0,0,1,0,1,0,1,0,1,0,0,1,0,0,0,0,0,0,1,0,0,0,1,0,1,1,0,0,1,1,1,0,0,1,0,0,0,0,0,1,1,1,0,0,0,0,0,0,1,1,0,0,1,0,0,0,0,1,0,1,1,1,1,1,0,0,0,1,1,0,0,1,0,0,1,0,0,0,1,1,0,0,0,0,1,1,0,1,1,1,0,0,0,1,1,1,0,1,0,1,1,0,1,0,0,0,0,0,0,0,0,1,1,0,1,0,0,1,1,0,0,0,1,0,0,0,0,1,1,0,1,1,1,1,0,0,0,0,0,1,1,0,0,1,1,1,0,1,1,0,0,1,1,1,1,0,0,0,0,0,0,0,0,0,1,0,0,0,0,0,1,0,0,1,0,1,0,1,1,0,1,1,1,0,0,1,0,1,0,0,0,1,0,0,0,1,0,0,0,1,1,1,1,1,0,0,0,0,0,1,1,0,0,0,0,0,1,0,1,1,0,0,1,1,0,0,0,1,0,0,0,1,1,0,0,1,0,0,1,0,1,0,1,0,0,1,0,0,0,1,1,1,0,1,0,0,0,1,1,1,0,0,0,1,0,0,0,1,0,0,1,1,0,1,1,1,0,0,0,1,1,0,1,1,0,0,0,1,0,0,0,0,1,0,0,1,0,1,0,1,1,0,0,1,0
T>G,TTT,0,1,0,1,0,0,0,0,1,0,1,0,0,1,0,1,0,0,0,1,0,0,0,0,0,1,0,0,1,1,0,1,0,0,0,0,0,0,1,0,1,1,0,0,0,0,0,0,1,0,1,0,1,1,0,0,1,0,1,1,0,0,1,0,0,1,0,1,1,0,0,0,0,0,0,0,0,0,1,0,0,0,1,1,0,1,0,0,0,0,0,0,0,0,0,1,0,0,0,0,0,1,0,1,1,1,1,0,0,1,1,0,0,0,1,0,1,1,0,0,1,0,0,1,0,1,1,0,0,0,0,0,1,0,0,0,1,0,0,0,1,0,1,1,0,0,0,1,1,1,0,1,0,0,0,0,1,0,0,0,0,0,0,0,1,0,0,0,0,1,1,0,0,0,1,0,1,0,0,0,1,0,0,0,0,0,0,0,0,0,1,1,1,1,0,0,1,1,0,1,0,1,1,0,0,0,0,0,1,1,0,1,1,1,1,0,1,0,0,1,0,0,0,0,0,1,1,1,1,0,1,0,0,1,0,1,0,1,0,0,1,1,0,1,0,0,1,0,1,0,0,0,1,0,0,0,0,1,1,0,0,1,0,0,0,1,1,1,0,0,0,1,0,0,1,0,0,1,0,0,0,1,1,1,0,1,0,1,1,0,0,1,0,1,1,0,0,0,0,0,0,0,1,0,0,1,1,1,0,0,0,0,1,0,0,0,0,1,0,1,0,1,1,1,0,0,0,1,0,0,1,0,1,0,0,0,0,0,1,0,0,0,0,0,1,1,0,1,1,0,0,1,0,0,1,1,0,1,1,1,0,0,1,1,0,0,0,1,1,1,1,1,0,1,0,1,1,1,0,0,1,0,0,1,0
